id,name,state,city,lat,lon
1240869466,Stanley Street Lunch Box,QLD,,-27.4871416,153.0406356
1014254385,Blu Point,VIC,,-37.808112,144.966208
12874522371,Made in DY,NSW,,-33.7531109,151.2873109
3676093460,Mocopan Airside,WA,,-31.940798,115.9741369
4100899364,The Beach House Providore,NSW,,-30.59267,153.0110032
11817594956,Bellisimo Coffee,QLD,,-27.3844684,153.1207132
11110962766,Scenic Milk Bar,QLD,,-27.9927354,152.6870517
1918162182,Relish,TAS,,-41.439196,147.1509597
8732792952,Let Minnow,QLD,,-27.4122246,153.0512585
7105939999,Baba Yaga,NSW,,-32.9320633,151.7713059
6442478861,blk.mlk Specialty Coffee,VIC,,-34.185188,142.1620149
12009553681,Café Arabica,QLD,,-27.5266432,153.2773061
12146295954,Starbucks,NSW,,-34.4861154,150.8873788
3529946830,White Rose Cafe,NSW,,-32.0163001,149.3965948
8140171913,Elk Espresso,QLD,,-28.0292004,153.4337712
4230108906,Plank Espresso,VIC,,-37.7303194,144.9285688
60788155,Unnamed cafe 60788155,NSW,,-33.6765027,151.0983316
13009961095,Coca Bar,QLD,,-26.6552352,153.0869789
10048389907,Little Parry,WA,,-32.0571538,115.8651197
13706926701,Tame Fox,NSW,,-33.4351031,151.3896167
11191850575,Hotel Cunnamulla Cafe,QLD,,-28.0683066,145.6829413
4041048216,Cafe Phố,VIC,,-37.9504575,145.1517421
5263246177,Waratah Cafe,NSW,,-34.4478544,147.5339453
11092652175,Kookabar Cafe,NSW,,-34.4787876,150.4188276
4469500129,Mica Express,QLD,,-27.3863329,153.1194877
12644710838,Nersons Cafe,NSW,,-35.2561564,149.4409292
10184715663,Miss Lacey Cafe and Wine Bar,VIC,,-37.7951579,145.2820116
11427816406,Pie Face,NSW,,-36.9310376,149.8746378
12876891952,Piccolo Me,NSW,,-33.8303831,151.2024727
1613917321,Two Fratelli,NSW,,-33.8629575,151.1950418
6471366438,Café 1909,VIC,,-34.1825374,142.1655933
5729370427,Gong Cha,NSW,,-33.7962444,151.1825018
6310669286,Sunrise Cafe,NSW,,-33.691583,151.3071368
7635724018,Piccolo Expresso,NSW,,-33.1091279,151.4865047
9503891217,Kitaya Cafe,NSW,,-33.7754524,151.1689538
8733324535,River & Roads Coffee Shop,QLD,,-22.5932786,144.5480998
3919497854,Number 10,TAS,,-42.7811246,147.0618937
11469973117,XS Espresso,NSW,,-33.8194279,151.0916017
12567363186,Cafe 63,QLD,,-27.4517568,153.0401751
6190630517,ChillBAR,NSW,,-33.7537533,151.2963896
4783697743,River Heads Cafe and Takeaway,QLD,,-25.422672,152.9170893
3298293637,Opal Cafe,SA,,-29.0091388,134.7549134
1166753990,David's Fresh,NSW,,-33.8670851,151.0839056
262262895,Unnamed cafe 262262895,QLD,,-27.4419167,152.9261985
4119542089,Strozzi,VIC,,-37.8167054,144.9630762
12987833963,Aisle Seventeen,VIC,,-37.7587648,145.0688624
10176914595,Waterfall Cafe,QLD,,-27.9532034,153.4250688
4639796785,Noonies,SA,,-34.8481297,138.4771271
13542002052,East Club Cafe,SA,,-34.9385971,138.6516421
13680802717,Espresso 2047,NSW,,-33.8521608,151.1553401
12228629398,Keppel Cafe,VIC,,-37.5106476,145.7445712
13594250890,Larder,VIC,,-36.714117,142.1991297
5379554512,Sip Coffee Bar,ACT,,-35.2784506,149.1308915
10727088792,Jas my Waffles,NSW,,-33.7709956,150.8437289
7617056936,Sweetshop Speciality Coffee,QLD,,-27.4636621,152.97952
12675190489,Unnamed cafe 12675190489,WA,,-32.1308876,116.0013016
4180095393,Avist Cafe,VIC,,-37.7983103,144.9528089
7729945714,Refuel Rylestone,NSW,,-32.7947772,149.9717185
13431736101,Cafe Ronto,NSW,,-33.5215846,151.3189945
3991310706,Touchwood,TAS,,-40.7607201,145.2959963
2082175202,Number 96,VIC,,-38.4013212,146.1603014
12777692514,Crib Lane,WA,,-31.9527478,115.8540197
8310220724,Little Jack Horner,NSW,,-33.9206149,151.2566204
1332942013,Espresso Train,QLD,,-27.4008153,153.0616894
10578237313,Leaf Cafe & Co Shell Cove,NSW,,-34.5878181,150.8662113
6403518245,Unnamed cafe 6403518245,QLD,,-27.4961615,153.2188482
4885485623,Zac's Bistro,QLD,,-27.4528042,153.0998461
10048393915,Kit Espresso,VIC,,-37.8146926,144.9638096
6760931486,Chalkboard,NSW,,-33.7562447,151.1535378
2134690318,Little Green Bean,NSW,,-33.9036929,151.2427407
12320039659,Hearth,TAS,,-42.8887561,147.3305944
5753317224,Public Coffee,NSW,,-33.8402393,151.2092875
10600782914,Source Kitchen,WA,,-34.446997,116.0305538
7134853562,Boost Juice,NSW,,-33.3736216,151.4732226
11981832868,LA Crema Caffe,QLD,,-22.0006167,148.0436998
6033562238,Upsize,VIC,,-37.7992772,144.8965347
9769256557,Coffee on Wyndham,TAS,,-42.7905268,147.2470021
11287403534,Phoenix Cafe,NSW,,-32.0474393,150.8679497
4501676689,Street Corner Espresso,QLD,,-28.081371,153.4470549
10203044987,You & M Tea Shop,QLD,,-27.9686646,153.413182
12898520560,Neighbourhood,NSW,,-33.8868069,151.2077471
1021383947,Unnamed cafe 1021383947,VIC,,-37.8788823,145.013273
12876271050,1770,NSW,,-34.0071818,151.2163091
11563081669,Remi Coffee Co.,QLD,,-19.2720205,146.7490969
5084749994,Blackstone cafe,ACT,,-35.3437175,149.1582185
9499898548,Unnamed cafe 9499898548,VIC,,-38.1321535,145.1758275
12229105167,Muffin Break,SA,,-37.8073265,140.7936831
7099110786,Frogs Kuranda,QLD,,-16.8192718,145.6328629
13571614738,Olive And Oregano,NSW,,-33.795306,151.0024606
9485543777,Alleycats Espresso,WA,,-31.8250346,115.73963
7149548668,Food Made By Hand,VIC,,-36.7277371,146.9609074
13159712751,Kafe Krave,QLD,,-27.4376287,153.0239273
5508666861,Good Times,VIC,,-37.8583019,145.0414058
7186894519,Unnamed cafe 7186894519,QLD,,-27.3468175,152.9692475
2630709698,Emmdale Roadhouse,NSW,,-31.6535047,144.2684322
4717703993,Lemongrass,WA,,-33.0803634,115.8947443
11815806676,Vines,VIC,,-37.2845208,142.9277973
13580025133,SAM I AM Cafe,SA,,-35.2184325,138.5434795
318855118,Brew 'n' Bun,ACT,,-35.3243225,149.1729458
5773236606,Kelz,QLD,,-25.2826126,152.9023914
5110562425,Funky Pies,NSW,,-33.8883737,151.2711966
12663868789,Sandys Grooming Tails & K9 Café,NSW,,-36.2358507,149.1236547
11817775920,The Coffee Club,WA,,-32.2893681,115.7464288
5824861173,Flora Juice,VIC,,-37.7851218,144.833251
5721704524,Charlie Lovett Cafe,NSW,,-33.9610682,151.0654588
6510995414,Nosh Deli Cafe,VIC,,-36.5645285,146.7280225
13576115644,H2O Cafe,TAS,,-41.4395418,147.1368125
10580342049,Centro,NSW,,-33.8208839,151.150459
1909569729,Strand Espresso,NSW,,-33.8694312,151.2076346
1882149157,Cibi Cafe (Dine In),VIC,,-37.7970912,144.9858952
9688956917,Little Barista Expresso Bar,QLD,,-27.956252,153.4008069
13565935576,Sweet Little Cafe,ACT,,-35.3280024,149.1424942
10588123479,The Rail Cafe,NSW,,-33.598229,150.7527542
13747303772,Cafe Kogarah,NSW,,-33.9626711,151.1326908
11743216640,Coffee Central,TAS,,-41.3230905,148.2490714
5404621102,Boschetto Café,NSW,,-33.9516501,151.138401
6741639603,The Other Brother,VIC,,-37.8217377,144.9442624
2270171410,Diors Cafe & Bar,VIC,,-37.82901,144.960725
6680787313,Saluministi,VIC,,-37.8204154,144.9411899
4936507024,Central Cafe,WA,,-31.9194524,115.8670928
9482862168,Queen Street Cafe,NSW,,-30.379964,150.6104322
13566178864,Chill Beach Cafe,QLD,,-16.7682164,145.6772623
12730181655,Ampol Morgan,SA,,-34.0341094,139.6679345
1601836284,Ridgee Didge Cafe,QLD,,-23.5524063,145.2861491
5892641545,Harry's,NSW,,-33.888461,151.278251
6356031541,Caffe Cherry Beans,NSW,,-33.7688286,151.0278984
6863245402,Frankie’s Beans,NSW,,-33.875823,151.222487
4719443689,Parco,SA,,-34.9342979,138.6121906
2370352852,Unnamed cafe 2370352852,SA,,-34.9254683,138.5945671
4338266002,Parami,NSW,,-33.8779626,151.2106215
9097364887,Rarebits on Burrowes,WA,,-33.3368975,116.7424766
6484951723,Buena Vista Coffee Boat,SA,,-34.9363814,139.2968189
9421682780,The BoW Project - Cafe & Eatery,NSW,,-33.2534141,149.1008864
6418834779,Black Gold,VIC,,-37.8232072,144.9938877
1792724224,Unnamed cafe 1792724224,QLD,,-26.5412314,151.8367448
12086272385,Portafilter,NSW,,-33.868845,151.2093491
3144618370,Grumpy Sailor,WA,,-32.0546657,115.7470233
12462986506,The Meeniyan Store,VIC,,-38.5778244,146.0135901
12894226272,Close Collective Cafe,VIC,,-36.1231992,146.8884723
6420735556,Unnamed cafe 6420735556,VIC,,-37.743779,144.8912362
652210873,Stringers Cafe,VIC,,-38.3386865,144.741266
8395750989,Teale Cafe,NSW,,-32.7508876,151.5900291
1711225010,Pilliga Pottery - Blue Wren Cafe,NSW,,-31.0440153,149.3182242
13439549999,Mabu Mayi Cafe,WA,,-17.9607345,122.2147129
8295429217,Eat in the bay cafe,QLD,,-25.283575,152.8761613
2659849589,café 23,WA,,-31.7527417,115.7724564
13204106409,Laurent,VIC,,-37.819598,145.0357744
10915608805,Flagship,QLD,,-26.7459369,153.1154004
5695786107,Popp Eyes,VIC,,-38.1128929,145.2835982
12259614705,Puzzle Coffee,VIC,,-37.810342,144.9633882
7991453294,Meet Me @ Ed’s,VIC,,-37.7679078,145.0231318
3797233975,Gallery Art Spaces,TAS,,-42.5078459,147.9124099
5828844166,Village Green Cafe,NSW,,-33.8970697,151.1287299
489538176,Cafe Injoy,ACT,,-35.1906528,149.0833128
10832895366,Astro Cafe,VIC,,-37.7430572,144.9660074
12865666432,The Shed,NSW,,-33.7054866,150.8755726
9110868608,Laurent,VIC,,-37.7686373,145.0423582
9908670355,Indulge Coffee & Cakes,VIC,,-37.4115716,144.9782914
2430996464,Lola,VIC,,-37.8067865,144.8917421
13228593876,Phoenix Sweets,SA,,-34.9506626,138.5998544
9319698837,Cafe Caribou,QLD,,-28.1434252,153.4947744
8444641132,Boost Juice,SA,,-34.9376329,138.5394771
10253960717,Oliver Brown Belgian Chocolate Cafe,NSW,,-33.7056268,150.9113577
4265330843,Ken's Kissa,NSW,,-33.8303423,151.2186881
7092641910,The Vintage Apron,QLD,,-27.5240662,153.1951644
12841057275,Jester's,WA,,-31.6898934,115.7156731
6411183273,BodyFuel Cafe,NSW,,-33.4262237,151.3425326
9354583181,Monsieur Pierre,VIC,,-37.2467735,144.4534818
4481010089,Teppanyaki Time,QLD,,-27.4781885,153.029356
10603070213,The CNR,VIC,,-37.9920566,145.041811
4419715392,Watermans Cafe,NSW,,-31.4576854,152.7320527
3023996333,Gloria Jean's,NSW,,-33.862104,151.087933
7557948615,Boost Juice,VIC,,-37.750732,144.7759355
1707845959,Down to a Tea Teahouse,QLD,,-27.4535834,152.6523176
10991168607,Planted Coffee House,SA,,-35.5471319,138.6254518
9348034158,Wicked Cafe,VIC,,-37.9009483,145.1312993
8329454354,A Yogurt Cow,NSW,,-33.9019006,151.2134365
4050186901,Creperie Cafe,QLD,,-25.5378132,152.6980157
6027088013,Shop 3 Coffee,NSW,,-33.4271067,151.342183
1918026926,Frankie & Co Cafe,VIC,,-38.0196599,145.3089075
13365711536,The Hive on Hudson,QLD,,-27.4314249,153.0414442
3610730522,Cafe 55,SA,,-34.9232861,138.5992847
1055738513,Café Luca,VIC,,-37.838791,144.989225
11173107408,Frankies,VIC,,-37.8081535,144.9613347
5585653221,The Bridge Coffee Lounge,NSW,,-29.7741978,151.1107095
2353021227,Hard Loch Cafe,VIC,,-38.3684847,145.7074657
1519399785,West Beach Surf Life Saving Club,SA,,-34.9461507,138.5013126
12208346804,Altius,VIC,,-36.7614869,144.2724135
6001670437,Gourmet Pizza Pasta Cafe,NSW,,-33.9160932,151.2405858
3291840662,Hugo's Express,VIC,,-37.8178619,144.9548526
8721431087,Warakirri by Indigiearth,NSW,,-32.6145853,149.6016534
4917949643,Tutti Frutti,WA,,-31.9370388,115.8413704
11050154127,Have It Franks Way,NSW,,-33.4190064,151.3506439
6690853151,2 Blondes Cafe,NSW,,-33.6990273,150.5658256
12088464104,Mizusawa Tea Shop,QLD,,-27.5707282,153.0620373
8440034232,Albert & Co,VIC,,-37.8815224,147.9803928
4115617189,The Coffee Club,QLD,,-23.3748664,150.5116037
387945680,Canopy Cafe,NSW,,-30.3634926,152.7290279
13159144037,La Patisserie,WA,,-31.9720726,115.8526207
9448745744,West Brew Coffee,NSW,,-28.1950875,153.5054765
5785384342,Presto Eatery,SA,,-37.8286723,140.7818772
13289649081,Kowloon Cafe 866,VIC,,-37.8287805,145.1212377
848692720,Surf Break,VIC,,-38.3281779,144.3167054
2787201117,McCafé,NSW,,-33.9177853,150.9121737
615132973,Ladybird Café,VIC,,-37.7991717,144.9875019
11848698222,Studio Surf,SA,,-35.2493405,136.9698919
13673523304,The North Spoon,NSW,,-33.8429818,151.2050655
8261144498,Hey Juice,NSW,,-33.793481,151.1342322
2666771421,Bert's Cafe,TAS,,-39.91784,144.1179014
4050179280,Foundry Artisan Coffee,QLD,,-25.5374812,152.6972822
2319103089,Boosey Creek Cafe,VIC,,-36.0787679,145.6892549
11017428877,Technology Office Park Cafe,QLD,,-27.5772654,153.0979949
12240279866,Eating Station,VIC,,-37.7804413,144.7542066
6760886545,Pie Face,NSW,,-34.4384183,150.8596129
20979692,Unnamed cafe 20979692,NSW,,-33.8903181,151.2430701
4507526103,The Ritz Cafe,NSW,,-32.9348291,151.7259009
11142492435,Tattooed Sailor Coffee Roasters,QLD,,-16.9389731,145.7518501
5748633847,The Rusty Rabbit,NSW,,-33.8787799,151.2184716
9761435788,The Alchemist's Kitchen,SA,,-35.0174002,138.5151828
12117849339,A.P Place,NSW,,-33.8677764,151.2061174
1245171009,Bean Inspired,QLD,,-27.4232693,153.0338119
13814342101,City Saints,VIC,,-37.8060349,144.9867227
10201520829,D Point Ten,QLD,,-27.957413,153.4092698
1167607535,Recess,NSW,,-33.8812668,151.2163971
4326548062,Korner Cafe & Takeaway,VIC,,-37.989229,145.104403
12995318050,Straddie Eats Home Beach,QLD,,-27.4271914,153.5226473
2352242290,Mareesa's Cafe,VIC,,-37.9088497,145.3549128
1009950327,Dôme,WA,,-31.7818257,115.9666906
11290533214,Au79,VIC,,-37.8259255,144.9596887
4687830285,Barn Hill Station Shop and Reception,WA,,-18.3666101,122.0383149
9073393586,Leveriero Italiano,VIC,,-37.7575668,145.0616077
12070923454,Gawler Heritage Cafe,SA,,-34.608273,138.739957
10220678271,Rafiki,QLD,,-28.0412686,153.4369314
6579425040,Hargrave Cafe,NSW,,-34.2289003,150.9834461
1218224072,Luup,VIC,,-38.2196256,145.0613785
2139757149,Gloria Jean's,NSW,,-33.9538671,151.0335614
11045887265,Coffee Bug Express,QLD,,-27.9596446,153.3817485
9653127497,Merlo,QLD,,-27.4942175,153.0571491
10299448949,Harvest Cafe Grab & Go,WA,,-31.6335704,117.7208525
6457257748,Sawasdee Thai Orchid,VIC,,-34.1838586,142.1621673
11474812185,Cafe Peppercorn,VIC,,-36.2512491,142.3947317
1192208220,Desmond & Molly Jones,QLD,,-27.485739,153.0295594
13754201588,Chatime,NSW,,-33.8729212,151.0941352
12429481309,Caffe Cherry Beans,NSW,,-33.9367092,150.8454817
3886063383,Enrik's,VIC,,-37.819613,145.1496986
12472789235,Stateline Melbourne,VIC,,-37.7678591,144.8638638
13707407592,Roxy's Kitchen,VIC,,-37.7530792,145.6964666
10703252405,Port of Call,VIC,,-38.6192339,142.9957653
10594156460,Unnamed cafe 10594156460,WA,,-32.0412969,115.738932
6346397793,The Wine Barrel,QLD,,-28.0788721,153.3645976
5065615750,Code Black Coffee,VIC,,-37.8042375,144.9536691
497587534,La Tazzina,NSW,,-33.8327564,151.2068873
9760635821,Jones Street Kitchen,QLD,,-26.7652218,152.9621434
2375805184,LivEat,TAS,,-42.8947734,147.3278574
10003808600,Stonebridge Gardens,QLD,,-26.701032,152.946227
9231714099,Imperfect Nutritionist,NSW,,-33.7378404,151.3027387
2814671553,McCafé,NSW,,-33.8567716,150.8974794
7096924339,The Jolly Miller Cafe,VIC,,-37.8674042,144.7434749
4809365621,Coffee Geek Brewers,VIC,,-37.8389948,144.9906419
4929656494,Unnamed cafe 4929656494,NSW,,-33.0698338,151.5899995
3949874110,Sazon Espresso,SA,,-35.0672957,138.8586762
9910490307,Salt Lane Cafe,QLD,,-20.0760337,146.2574494
2449328284,ABC Cheese Factory,NSW,,-36.3111717,150.0749315
1198026262,Cali Press,NSW,,-33.8908835,151.2731428
11135663739,Quists Coffee,VIC,,-37.8138348,144.968048
13456175638,Dr. Brunch,VIC,,-37.8229529,145.0367618
12207959597,Sharetea,WA,,-31.9523979,115.8576911
4544636889,Oliver Brown,NSW,,-33.9186242,150.9247483
835996429,Max's Café,VIC,,-37.8042401,144.9772845
4847637854,Be The Duck,VIC,,-37.8163899,145.0090352
7024603322,JJ Hub Cafe,SA,,-34.7617477,138.6455972
458702508,Jardin Tan,VIC,,-37.8296276,144.9757359
1963262433,Cafe Piccolo,NSW,,-33.8995288,151.1840264
6024578185,Honten Sushi,QLD,,-27.4660189,153.0279489
2830782782,Bruthen Heritage Tearooms and Coffee Shop,VIC,,-37.7086906,147.8343701
4331958057,Twisted Sista,NSW,,-28.6425518,153.6131558
13506381251,Arnold's Cafe,QLD,,-23.3075384,150.5161755
13354681122,Frenchs Forest Hardware Cafe,NSW,,-33.7530385,151.2442583
2003254960,Unnamed cafe 2003254960,TAS,,-43.1455797,147.8503934
10659995105,Merchant & Maker,WA,,-33.6153725,115.1070115
13377462022,Nadia's Café,NSW,,-33.7512875,150.6925669
3873824336,The Long Room,NSW,,-32.4035353,151.7570332
9421515660,Pipeworks,NSW,,-31.4282421,152.8971273
7069271802,Vincent the Dog,VIC,,-37.7977605,144.9691421
9133683617,My Goodness Treats,VIC,,-37.7469372,144.9208871
5778191357,Molly's & Me,NSW,,-30.2852129,153.1273076
5337890636,Temaki Bar,NSW,,-33.8911258,151.2456571
6338722626,Bake Bar,NSW,,-33.9079149,151.248488
6356421441,The Grandstand Cafe,NSW,,-34.778797,150.6939724
7619498519,Low Head Pilot Station Cafe,TAS,,-41.0645306,146.7954171
5500726079,Pantry 29,NSW,,-28.686319,153.5243968
7138923099,Victory Cafe,NSW,,-33.6360387,150.2857389
1736838308,The Bitton Room,NSW,,-33.900377,151.1904515
7149548678,Mr Pom,VIC,,-36.7287961,146.9619473
2327083617,Raymond Cafe,VIC,,-38.1070567,147.065681
5540484825,Jamaica Blue,WA,,-32.1306475,115.8575017
12325490292,Boodle Beasley,TAS,,-42.8740402,147.3166433
2820181491,Appleseed Cafe,SA,,-35.2553258,138.8931091
4704957489,Shark Bay Cafe,WA,,-25.9280865,113.5343711
764381209,Watagans Takeaway,NSW,,-33.0763624,151.4541939
11258789263,Unnamed cafe 11258789263,NSW,,-34.6729201,150.8547709
7005546948,Bracegirdle's,SA,,-35.0214388,138.6167519
11955849576,Unnamed cafe 11955849576,NSW,,-33.7919416,151.0814186
12793511901,Humble Merchant at Orana,VIC,,-38.1221737,145.3701486
13282998097,The Hospital Cafe,QLD,,-25.5226647,152.6888684
7792893018,Makeshift,ACT,,-35.2848602,149.122957
7012131885,Cafe Mattaniah - Flowers,NSW,,-33.8645258,151.0439715
6397424325,MeetFresh,NSW,,-33.7917922,151.079949
2059153062,Mecca Sydney CBD Café,NSW,,-33.8688365,151.2057
5536843521,Hooks at the Yarra,VIC,,-37.8240816,144.947699
11147925128,Da Cafe Time,QLD,,-26.6217401,153.042231
5872592996,Coffee Guru,QLD,,-27.4036829,153.0314751
1299221045,Cannoli & Co,VIC,,-37.8656764,145.0502892
11715426169,Charles Street Kitchen,NSW,,-33.823008,151.1091583
9398288053,The Weekend Local,VIC,,-36.7500409,145.5703066
6009431093,Dodger's Supa Sundaes,NSW,,-33.9162929,151.2404675
10224805166,Mossy Boatshed Cafe,NSW,,-35.8387236,150.1831865
2484520825,"""Tiki Bar, Cafe 153""",VIC,,-38.755101,143.6689371
8519134691,Bowl Me Over,VIC,,-37.8960853,144.9948771
9255041816,Brigaloiw General Store,QLD,,-26.8432992,150.789087
7601132958,Aunty Paul's,QLD,,-27.4925687,152.9791874
3545474010,Beach Club Cafe,QLD,,-28.0068384,153.4307973
11353415469,Unnamed cafe 11353415469,QLD,,-26.8334666,153.1071679
12957269301,BENCH COFFEE CO. St Kilda Rd,VIC,,-37.8489056,144.9793697
1823702889,The Urban Bean,WA,,-33.952954,115.073609
2705127051,Unnamed cafe 2705127051,QLD,,-23.3419068,150.543607
4918726341,Tsuke Ba,WA,,-31.9369587,115.8407787
10848111302,Wok and Roll,TAS,,-42.7814356,147.5636595
9175923106,Frohlies Grill,QLD,,-26.8399716,151.9805877
2607702205,Candelo General Store and Cafe,NSW,,-36.7669959,149.6952895
10180299677,Urban Eatery & Cafe,QLD,,-28.0286367,153.4309146
11523827150,Crave Nutrition,NSW,,-33.750111,151.2240042
13236496991,The Coffee Club,WA,,-31.7593755,115.7730082
3309520046,Deep Blue Cafe,SA,,-35.1976607,138.4710917
7676431199,Gipsy Boy,WA,,-31.7341102,115.7713046
2144924793,Café Vue,VIC,,-37.835803,144.975821
1784561016,Napoli,TAS,,-41.0500152,145.9067524
11760950786,San Churro,WA,,-32.0199781,115.9383038
6728743935,Legal Grounds Cafe,NSW,,-33.8684879,151.2119903
11158105570,LandCruiser Cafe,QLD,,-19.2779321,146.759755
9728609951,Crowded House,VIC,,-37.858918,144.8993079
1323414188,Springbrook Cafe and Bar,QLD,,-28.1917512,153.2668411
11145327514,Machi machi,NSW,,-33.8236361,151.1951969
9110791855,Di Pietro's,VIC,,-37.6724444,145.1512818
5313024024,Four Leaves Cafe,VIC,,-37.746125,145.0766203
7729782600,The Saffron Kitchen & Cafe,NSW,,-32.7965991,149.9709692
1292397875,Octane Espresso Bar,VIC,,-37.8132592,144.9582051
12629167415,Wild Bean Cafe,NSW,,-33.3813208,148.0100401
12803575301,Da Bang,NSW,,-33.8840446,151.210649
12092692669,La Playa,QLD,,-28.0023547,153.4308075
12720839809,Unnamed cafe 12720839809,VIC,,-34.2745563,141.6038616
10090068341,Unnamed cafe 10090068341,NSW,,-33.7578455,150.7121264
8714001112,The Usual,ACT,,-35.1869772,149.1350679
12504324131,Wild Bean Cafe,QLD,,-27.6846709,153.1898243
11002837348,Hermiz & Co,VIC,,-37.7692152,144.9719832
3919475472,Criterion Street Cafe,TAS,,-42.8815991,147.3261694
11124085767,Espresso Edge Coffee Cafe,NSW,,-28.621167,153.0036008
13755164401,BÁNH MÌ BAY CAFE,NSW,,-33.7642315,151.2716898
9488498817,John Montagu,NSW,,-33.872524,151.2183023
10983598305,CJ's Bagel Co.,WA,,-31.9329147,115.961439
318857112,Mee Sushi,ACT,,-35.3205964,149.1334176
9761440315,Brighton Food & Wine,SA,,-35.0174165,138.5147945
2896460891,Unnamed cafe 2896460891,NSW,,-33.8608542,151.188162
9653172656,Cafe - High School,QLD,,-27.2347837,153.0328783
8462671791,The Other Side,WA,,-31.9835164,115.7700852
2334179443,Sam's Cafe and Bakery,NSW,,-33.2650159,151.4651288
10779102793,Kaffee Plot,VIC,,-37.3698236,144.6591823
8685936423,Mi Casa Cafe,QLD,,-27.4818675,153.0234643
2932745264,Langtree Cafe,VIC,,-34.1844033,142.1615429
11036786336,Stellarossa,QLD,,-27.6129046,152.7590759
9893342073,Mecca,NSW,,-33.9063766,151.1997996
12771587986,Carmels Kitchen,NSW,,-31.7010887,147.8368197
6180386397,The Theatre Society Cafe,VIC,,-37.7993549,144.8947309
13111287071,Miss Sina,NSW,,-33.907611,151.1589805
7926382106,Doppio,NSW,,-33.4242938,149.5821619
1798158419,Ciccio's Café,NSW,,-33.7218781,151.0852414
2166361109,Cafe On Single,NSW,,-31.3483369,150.6473821
2049316896,Noodle Sushi Bar,VIC,,-37.7050524,144.8584193
7579946650,3 Dots Cafe & Mini Mart,NSW,,-33.869635,151.1906894
9063809717,Gong Cha,SA,,-34.9223039,138.6035853
12486011767,Merlo Coffee,QLD,,-27.4662122,153.0258941
11092600816,Veggie Nook,NSW,,-34.4765694,150.4195185
2332697004,Son of Tuccii,VIC,,-37.8769483,145.1273583
5189476251,The Coffee Club,QLD,,-27.4032474,153.1103246
8105828955,Sevens Cafe,NSW,,-33.8688171,151.2066946
11050300446,Anotherplace,NSW,,-33.8729371,151.2224659
6829037552,The Re-Up,VIC,,-37.7705806,144.9259001
1679250764,Three Anchors Kiosk,WA,,-35.0256267,117.9162469
11036241531,Gallow,QLD,,-17.2973865,145.5399648
6065623709,Toshlina’s Coffee & Food,VIC,,-37.8991643,145.0941194
13429939724,Openface Drink Coffee,NSW,,-35.7064249,150.1781833
5999588250,CoCo Fresh Tea & Juice,VIC,,-37.8000277,144.9008245
8265625039,The Victory,QLD,,-26.954171,152.7773664
11635792035,Old Mate’s,NSW,,-33.8891223,151.2328098
7659661885,Cardigan Village Coffee Van,VIC,,-37.5114389,143.7058834
9585475448,Magnolia on Orchard,VIC,,-37.6157662,145.1259533
13160827389,Tullibigeal Co-Op,NSW,,-33.4211246,146.7280821
4811526719,Oliver Brown,NSW,,-33.9228859,151.1855423
12141163860,The Millie Cafe,WA,,-17.9277029,122.2137391
5999385850,Detour Cafe,VIC,,-37.7793293,144.8287178
9838615882,Fry'd,WA,,-32.0544873,115.7489299
3191000564,State Library Cafe,SA,,-34.9204594,138.6024416
12289383644,Audley Dance Hall Kiosk,NSW,,-34.0754334,151.0561736
6907320663,Engo Grill,NSW,,-33.8902785,151.1933736
10946100907,Cafe Kantina,NSW,,-33.99026,150.8576662
4501569392,Warehouse No. 5,QLD,,-28.0923471,153.4432399
6571909063,Coffee Galleria,QLD,,-27.9759363,153.4106785
2147397010,The Joy Parade,VIC,,-37.820848,145.1420223
12439985768,Cafe Sana,NSW,,-33.7131158,150.3316531
3408474665,Unnamed cafe 3408474665,VIC,,-36.1361793,146.8855169
5437199555,Acropol,VIC,,-37.7175464,144.9820679
3628350504,Royal Coffee House,QLD,,-24.8656046,152.3488878
5235813621,Coffee Cat,WA,,-33.8529399,121.9008864
6698567700,de Nero's,NSW,,-33.9230524,151.2267109
2886422808,The Counter,NSW,,-33.8955818,151.1540171
13505733063,Tarana Cafe,NSW,,-33.5251378,149.9075838
5319401943,Magnolia Lane,QLD,,-28.0866576,153.4498067
1880344009,Culture Brew,NSW,,-33.9750741,151.1457701
12319813368,Yeronga Bakery Cafe,QLD,,-27.5166178,153.0171213
7152806285,Moments & Memories Tea Room,VIC,,-36.3588513,146.6865949
9802831994,Holy Goat Coffee,NSW,,-31.4417707,152.9089201
11296402095,Hahi's Diary,TAS,,-42.8826892,147.323575
2118839786,Cafe Bar,VIC,,-38.0094225,145.0880273
11222243584,Gather and Grazw,QLD,,-27.3832091,152.9828853
6832254456,Oliver's Real Food - Wallan (Southbound),VIC,,-37.4037637,145.017144
997417415,Aruba,VIC,,-37.812609,144.969352
3125388139,Thai Smile,TAS,,-41.0623827,145.8957394
11074355230,Will & Co on George,NSW,,-33.8663247,151.2073371
2367924709,A1 Lebanese Bakery,VIC,,-37.7620103,144.962841
612853620,The Beach Eatery,NSW,,-33.7735639,151.2924923
7655687552,Coffee Society,QLD,,-23.3797187,150.5142808
4835880843,Spices,SA,,-34.8790581,138.4917659
12701769443,Pyramid Hill Bakery Cafe,VIC,,-36.0545236,144.1151946
12461966071,Gloria Jean's,SA,,-35.189286,138.4790366
12100274086,Bocelli Espresso,WA,,-31.9514182,115.8581674
6050597085,Yelo,WA,,-31.8719459,115.7530831
4548525696,Hudsons Coffee,NSW,,-33.9358669,151.1675036
11397035344,Le Yeahllow Little Collins Street,VIC,,-37.8155303,144.9623875
10704063807,Hectors Deli,VIC,,-37.8015812,144.9787002
9520689200,Industrial Grind,NSW,,-33.7894594,150.8889249
1814424691,Metro Cafe,ACT,,-35.3437071,149.0854721
12016052424,Ambers Cafe,NSW,,-35.7090914,150.1776504
5602211022,Merantau Cafe,SA,,-34.9187602,138.6050214
9659930668,Arrosto Coffee,SA,,-34.174633,140.7450214
993404609,Grain & Bean Bakery Cafe,SA,,-34.8603313,138.489192
9981016212,Pinkie,VIC,,-37.7681835,145.0440114
2488171187,West Street Café,VIC,,-37.7073796,144.9385511
12683536207,Sha Patisserie,WA,,-31.955044,115.85518
11175862237,Ripple Coffee,NSW,,-30.7067201,152.9191889
11211796735,Stacked Mascot,NSW,,-33.9269456,151.1868196
11254565680,Earnest Arthur,NSW,,-34.6700998,150.8538296
439200068,Unnamed cafe 439200068,VIC,,-37.7784547,144.9483961
10661024761,Muzz Buzz,WA,,-32.0282087,115.9489946
10821113134,Sweet Exmouth,WA,,-21.9306118,114.1220865
2971002890,Fanny Mae's Cafe,QLD,,-24.8825985,146.2552285
7687126636,Clay,ACT,,-35.2606414,149.1308855
8383865320,Tower Central Cafe,QLD,,-27.6147528,152.7594986
6222351358,Fernleigh Cafe,NSW,,-32.9388015,151.7166771
10283142109,Kate’s Berry Farm,TAS,,-42.1459369,148.0560893
6280635308,The Macaws Nest,NSW,,-34.871651,150.5663954
11515463157,Caffe Cherry Beans,QLD,,-27.3507928,153.0480616
12725223977,Velvet Bean Altona,VIC,,-37.8659092,144.8309545
8599098000,Riverside Cafe,NSW,,-35.3030784,148.2380771
600621361,Annie's Provedore & Produce Store,VIC,,-38.2816511,144.491842
4007313444,Birdcage Cafe,VIC,,-37.1459197,146.448277
9776423615,Panetta Mercado Cafe,NSW,,-33.9084337,151.1717959
4192545990,Federation Chocolate,TAS,,-43.0583513,147.8655539
6309610016,Break Fast Cafe,NSW,,-33.8657865,151.2061329
6355897814,Nancy’s Of The Valley,VIC,,-37.7816689,145.6138633
6571975185,Mobius Cafe,NSW,,-33.7943317,151.1863778
8929619290,Riverside Roadhouse Boulia,QLD,,-22.910557,139.9133121
12787324647,Waterhole Cafe,VIC,,-37.9183552,144.6713701
8193413176,Pickle & O,WA,,-33.9774883,115.7643946
13477817194,Starbucks,NSW,,-33.9657202,151.105445
12319821005,Rose Espresso,NSW,,-33.8859706,151.2024018
13264685424,Oliver's,NSW,,-34.7729881,149.6917651
12120707704,Logan Street Corner Store,VIC,,-35.3374228,143.5454041
767562457,Dôme,WA,,-31.9280485,115.8913077
7637569210,The Sandbar Cafe,VIC,,-38.184674,145.0889422
4637114093,The Prestige Italian Cafè,WA,,-32.0550887,115.742432
25982938,Mulberry Court Seafood Cafe,NSW,,-29.6290112,153.0291001
5405152699,Main Arm General Store and Cafe,NSW,,-28.5033978,153.4318753
572994899,Freckles Cafe,TAS,,-40.1194608,148.0167092
599899202,Monash Snack Bar,VIC,,-37.9095973,145.1514536
5263257487,Chives Cafe Temora,NSW,,-34.4441192,147.5323658
9162021917,Little Baguette Co.,WA,,-31.9406385,115.8104872
1973235919,Treasure Island Café,TAS,,-41.430579,147.1497874
1000013850,Contendo,NSW,,-34.0549877,151.153217
11028966148,the brew & bake co.,NSW,,-28.256145,153.5773062
10968552119,Gong Cha,VIC,,-37.8778987,145.1647268
13059151599,Caffein8 Cafe,WA,,-31.7963581,115.7514772
9699696044,Miss Milly’s Espresso,QLD,,-27.5102826,153.0327299
12272460744,Down the Street,VIC,,-38.1579005,145.1307097
864633789,Yu Cafe,ACT,,-35.2504727,149.1392167
11834057687,Mint,VIC,,-37.7424092,142.0248148
10251812790,Dally Cafe,WA,,-30.2769956,116.662337
6901209379,Ralph's Cafe,NSW,,-33.8909936,151.1923358
4971977992,Market Lane Coffee,VIC,,-37.7986545,144.968513
9921782626,Boost Juice,QLD,,-27.5246616,153.1910354
5680708789,Little Big Shot 3,VIC,,-37.9136303,145.1327632
13702765089,Dixie blue,TAS,,-41.5255627,146.6585684
13088449401,Peach & Wolf Cafe & Bakery,NSW,,-30.2962903,153.1171123
10588095495,Earth Thingz,NSW,,-34.0844992,151.1515548
13830422068,Last Crumb,WA,,-31.9082648,115.9543219
6548951823,Two Dogs Laughing,WA,,-32.0635914,115.7722236
12438194370,La Gracia Cafe,NSW,,-33.8689631,151.2055547
12525742334,Cubic,QLD,,-27.4677994,153.0202888
7174215192,Tella Balls Dessert Bar,NSW,,-33.7643643,150.6630894
13061116304,The Gong Cafe,NSW,,-34.4252332,150.8960709
1862583506,Zenius,NSW,,-33.8874999,151.1989287
11993275617,Potter's Pantry,QLD,,-26.3919891,153.0388909
6645298746,Realfoods Canteen,VIC,,-37.8087156,144.9637997
13517956351,Pie Face,NSW,,-35.1227351,147.392238
5224450521,Mr Grubb Cafe,VIC,,-38.2335507,144.5387632
7843217796,9 grams,VIC,,-38.1463384,144.3587758
6657251485,Finn's Fish House,QLD,,-27.4442445,153.1789369
7802490451,Cooper Park Café,NSW,,-33.8869671,151.2512302
2134206941,King & Godfree,VIC,,-37.798456,144.967093
8537078518,Hunters' Roots,VIC,,-37.8197581,144.9564578
10253960720,Frankie & Co,NSW,,-33.7058203,150.9112711
4115262967,Ricetta Cafe,ACT,,-35.3207154,149.1331212
9368928065,The Boston Ivy 1880,NSW,,-34.4506937,150.4456983
11142695098,CoCo Fresh Tea & Juice,VIC,,-37.8197229,145.121309
2630698618,Botom shop Larder and Deli,TAS,,-43.311178,147.016304
7007532486,One Mile,WA,,-24.8755019,113.6299671
8913080636,Camp 64,QLD,,-17.1484802,145.1119994
2139733696,Aspendeli,VIC,,-38.0146366,145.097162
9882348017,Circles Xpresso,WA,,-31.9372597,115.858039
5532360012,Byron Fresh Café,NSW,,-28.6416775,153.6127136
5571133051,Buds & Beans,NSW,,-33.7557182,151.1544899
4548459294,Campos,NSW,,-33.9369649,151.1688639
10857399110,Tasty Az,VIC,,-37.9164925,145.3347351
13611233289,Breadcetera,VIC,,-37.8649015,145.0497645
727513775,Unnamed cafe 727513775,WA,,-33.3189748,115.7159892
11218740937,Earthound Bowra,NSW,,-30.6418995,153.002111
635680801,Xtraction,VIC,,-37.812214,144.956019
6335009633,Bellaccino,NSW,,-33.7315387,151.0050115
1445340206,Michel's Patisserie,NSW,,-32.7207378,152.1439004
5197171921,Rust and Timber Chocolate Bar,NSW,,-33.7202174,150.4289752
6938894060,Campos,QLD,,-27.450708,153.0443236
11287530434,Waymouth Cafe,SA,,-34.9261372,138.5906659
11463761080,The Corner Shop,VIC,,-35.9173155,145.6544796
6357408371,Vicpies,VIC,,-37.7582199,144.7902529
8226776238,Bo Beans Coffee,QLD,,-27.3950491,153.4457793
5461752204,The Nicholson Coffee House,VIC,,-37.7552348,144.9755571
12799841485,Link & Pin Woy Woy,NSW,,-33.4855956,151.3240758
3882960782,Caffe Chiera,VIC,,-37.8067338,144.9891349
5220770621,Wurlitzer Bakery Quality Pies and Coffee,NSW,,-29.0719489,153.3423292
6806666964,Harijuku Crepes,VIC,,-37.8101425,144.9637682
11580609972,Silvs on Kennedy,VIC,,-37.8246278,145.01112
5177020634,Unnamed cafe 5177020634,SA,,-34.938408,138.5812477
3907321224,McCafé,VIC,,-38.2455718,145.5372526
978025917,Biginelli Espresso,ACT,,-35.2806476,149.1233534
9123392275,CoCo Fresh Tea & Juice,SA,,-34.9296681,138.5958662
5868905247,Cafe Society,QLD,,-19.2971991,146.7607085
8221441221,Pepe's on the Beach,NSW,,-34.4145145,150.9006725
4195254849,Unnamed cafe 4195254849,QLD,,-26.3347954,152.822306
13545415486,Tori's,VIC,,-37.8127675,144.9710932
11733111468,Ben Lomond BASE,TAS,,-41.4788047,147.5347365
9441321624,Bohemian Tearoom,NSW,,-29.0583509,152.0184566
9491471841,Leaf Café,NSW,,-33.7202024,150.7101344
13760028978,Jaz N Gaz With Perzaz,QLD,,-27.0803298,152.9642518
5408886587,Esculent,SA,,-35.0914891,138.5400701
578829102,Dock Dot,VIC,,-37.8315437,144.9710419
11955849573,Unnamed cafe 11955849573,NSW,,-33.7917416,151.0810801
6832010647,Cactus Country,VIC,,-35.9192685,145.5003856
726375188,Moments Cafe,WA,,-31.7425534,115.7722821
10181567960,Milk Flower,NSW,,-33.7768447,151.1199778
12001888320,Cafe Bros,NSW,,-33.8259985,151.0789206
12237524080,The Cottage Cafe Grovedale,VIC,,-38.2008082,144.3419181
12599810213,BZ Burger,ACT,,-35.2246319,149.0114006
493880390,Dôme,WA,,-31.8088515,115.7891962
11178537361,The Nook North Haven,NSW,,-31.6424869,152.8089625
12415539879,Pickers cafe and Collectibles,VIC,,-36.0530997,146.4576436
6401581589,5 Little Pigs,NSW,,-35.0390539,150.6713174
4455850690,Chickpea,VIC,,-36.7153148,142.1992093
286709297,Daintree Ice-cream Company,QLD,,-16.2137797,145.4045819
10945690095,Obi Coffee,WA,,-31.9468905,115.8224807
1670202189,Charcoal House Cafe,NSW,,-33.7633305,150.8696477
1913403201,Cycle Torque & Coffee,TAS,,-41.4356703,147.1410343
11748277618,Teom Kitchen + Bakery,WA,,-31.9540864,115.8522221
9700306651,Saint Coffee Collection,QLD,,-27.960612,153.3806668
11737780180,Axil,VIC,,-37.8094469,144.97076
9928819927,La Maison Des Eclairs Cafe,WA,,-31.9458654,115.823141
12489333402,Chatime,VIC,,-37.6856888,144.5630608
7330907856,Thyme²,VIC,,-37.7935333,144.9468045
13709852684,Kookaburra park Cafe,QLD,,-26.6395151,152.6850459
6326534586,Starbucks,NSW,,-33.8601973,151.208455
9863711990,Potbelly @ Medlow,NSW,,-33.672995,150.2809928
11735473952,Coffee Anatomy,WA,,-31.9681804,115.814068
12681089356,Muffin Break,NSW,,-33.7196275,150.9200134
12148734001,Unnamed cafe 12148734001,SA,,-34.9762316,138.5823304
12065673578,Ol’ Mates Quality Sandwiches,NSW,,-33.9231748,151.1427478
12722217334,Pie Face,SA,,-34.2831815,140.5960036
7749835532,Superthing,QLD,,-27.4766882,153.0080993
10587960635,Milli & Mol's Espresso,QLD,,-27.6111096,153.0326226
6077594934,iku Whole Food,NSW,,-33.8680283,151.2091529
6187181179,Artisian Affair Cafe,SA,,-34.9097563,138.6403798
13644832523,Diner on the Downs,QLD,,-27.7162148,151.6337861
1321537114,Martin Street Coffee Roasters,VIC,,-37.4702728,144.3071097
11507233355,Milbi Cafe,QLD,,-24.7960766,152.440151
4737591531,SeedLing Cafe,VIC,,-37.817015,144.9653734
13339651905,Matta Cafe,VIC,,-37.7868862,145.0861352
11092780330,Grow Cafe Co,NSW,,-33.7669188,150.648915
12827541641,Art Reach Studio,VIC,,-38.6361096,143.5697313
6160440116,The Waterfront Cafe,NSW,,-36.8891025,149.9110289
11848804416,Six of One Coffee Roasters,QLD,,-27.5549807,151.9540258
12785551866,Norma's Deli,NSW,,-33.7978575,151.2872464
12217314544,Merchant,NSW,,-33.8670715,151.2092869
3278509468,Recharging,NSW,,-33.8875153,151.1676858
12229363721,Pie Face,VIC,,-37.763379,145.1696659
5495034542,Sofya,NSW,,-28.6420713,153.6140076
12076390634,Hole in One Cafe,NSW,,-33.592532,151.321824
10764700703,Stomach Club,VIC,,-37.8796823,145.0235597
11495735568,Unnamed cafe 11495735568,VIC,,-37.036144,141.2970418
6988797652,La Veen,WA,,-31.9519362,115.8571108
7087982081,On The Bite,NSW,,-29.4560118,153.1970835
9494270942,Taste Texture,NSW,,-33.9091138,151.2025429
4719620489,two foreshore,WA,,-28.7741393,114.6068259
4852881778,Drive Thru Coffee,VIC,,-37.8767474,144.7124085
8039716781,Elephant Cafe,VIC,,-37.7832993,144.9350548
11427836993,Cafe Pambula Toast,NSW,,-36.9296915,149.8747064
13159237836,Collins Lane Cafe,NSW,,-33.8696264,151.2693573
10142150156,Pulp + Grind,NSW,,-33.9343381,151.1791754
3780652999,Bean & Bikki Co,SA,,-35.0285249,138.8095531
4976527608,Footbridge,NSW,,-28.5404046,153.5521545
13009889685,Cafe 63,QLD,,-26.6540286,153.0875165
9689001862,One Little Place,VIC,,-37.865265,145.0506214
6235492785,Red Cup Cafe,VIC,,-37.8195855,145.1339899
4865627021,Local Mbassy,NSW,,-33.8788339,151.1957439
3427834163,Crackerjack Cafe,QLD,,-23.3683109,150.4975188
12856681902,Lilys Cafe,QLD,,-28.6547125,151.9349904
7076592023,Three Beans Cafe,NSW,,-33.7314969,151.0057777
11372274759,Unnamed cafe 11372274759,NSW,,-33.8897842,151.2471579
5939922287,Hoopla Espresso,WA,,-31.9881321,115.8800123
1488142328,Cafe Toscano,NSW,,-32.1805667,152.5118295
3686354090,Heathcote Harvest,VIC,,-36.857893,144.6863016
540043273,Endis Café,VIC,,-37.7988255,144.9771439
1009872637,Hektor Woodleys,VIC,,-37.8115506,145.0124691
12333196257,Osoi,VIC,,-37.7601578,144.9610405
13387376601,Unnamed cafe 13387376601,NSW,,-33.8749838,151.2190134
7305079827,Momo's Pitstop,NSW,,-33.5792803,150.7196165
3476205573,in cafe,NSW,,-33.8817004,151.2055121
2854785739,McCafé,NSW,,-33.8386536,150.9994641
12675353409,Cherry & Grapes,WA,,-31.949695,115.843084
11572512337,New Age Cafe,VIC,,-37.7711425,144.959079
2365234907,Left Field,VIC,,-37.9016316,145.0548836
11970965855,The Homestead,QLD,,-22.3481795,149.1027365
1112462421,Brother Bubba Budan,VIC,,-37.813506,144.9620872
1278038626,Wagon Wheel Cafe,QLD,,-27.1521083,149.0685036
6219878891,EastPark Cafe,NSW,,-33.8757285,151.0192002
12046929715,Wakeley Cafe,NSW,,-33.8702287,150.9113267
5406365979,Table 26,QLD,,-27.4842377,153.0001723
5555874642,Unnamed cafe 5555874642,NSW,,-34.010253,151.1047199
608998276,Newtown Social Club,VIC,,-37.802175,144.978063
10242156082,Oli's Cafe,NSW,,-34.0405496,151.1084141
493880177,Chinese,WA,,-31.7998869,115.7937195
12401409058,Bluprint,SA,,-34.9268485,138.6027983
10536363448,Astrid,VIC,,-37.7606447,144.9633816
972950721,Willow Coffee + Pantry,QLD,,-27.2945655,153.0515933
11931534182,Rathdowney Store,QLD,,-28.2114387,152.8629806
2297005457,Road Kill Grill,NSW,,-33.8750528,146.626374
4505475887,Cafe HaHa's,NSW,,-32.9349777,151.7255688
2897067946,The Coffee Club,WA,,-31.7431584,115.7673971
10173278361,Unnamed cafe 10173278361,NSW,,-35.8264168,150.2027236
13704705965,Unnamed cafe 13704705965,VIC,,-38.0220779,144.4145813
1518616148,Cafe Ristretto,ACT,,-35.2767693,149.1278575
8004959848,Cafe 130,VIC,,-37.7570936,145.1296556
600865868,Unnamed cafe 600865868,QLD,,-27.3912762,152.5018237
9926059038,Koala Roadhouse,QLD,,-21.3861915,147.3414717
12420283288,Middle Ground Cafe & Events,VIC,,-38.0479856,145.3696171
3616954047,Nourish Cafe,QLD,,-24.866442,152.3484309
12179290137,Incoming Cafe,NSW,,-33.8153558,151.0005275
10181829876,The Pier Café,VIC,,-38.3544435,144.9105227
6282744656,Hungry Chefs Cafe,NSW,,-33.9012205,151.2096464
11287256773,Lakes Cafe,VIC,,-37.714628,144.9881263
4782747206,Buchan Caves,VIC,,-37.4959187,148.1631179
4742577393,Karijini,WA,,-22.6940215,117.795942
10312305709,el Social,QLD,,-28.0168981,153.1636649
3079502040,Cafe Piccolina,VIC,,-37.795398,144.955647
9672988277,Nefiz,NSW,,-33.9247177,150.921056
9596353234,Mister Fox,VIC,,-37.8330678,145.2242449
10963454124,Farmhouse Cafe,QLD,,-28.035768,148.5817917
8627504894,The Bay Gourmet,VIC,,-38.7021664,145.8201806
5579696378,Cafe 2232,NSW,,-34.0453799,151.0508846
428238092,Honour Espresso,QLD,,-27.5208777,152.9755875
11767837901,Crema Espresso,NSW,,-28.8101858,153.2858724
12348059291,The Brown Bear,TAS,,-41.1958919,146.3551812
6659705785,Bay St Cafe,SA,,-33.5999467,137.9299436
10590131122,Auvers,NSW,,-33.8781984,151.2025295
2164893471,Unnamed cafe 2164893471,QLD,,-16.8204655,145.693959
3431163285,Bushy Park Cafe,VIC,,-37.8752259,145.2058995
13639596004,The General Food Store,VIC,,-37.928399,145.4450617
797244327,Solstice,TAS,,-42.8867268,147.3312146
6512993685,Cairns Burger Cafe,QLD,,-16.920835,145.7741988
6107980752,The Diver Cafe,NSW,,-33.9229746,151.256182
10048415133,Le Petit Chateau,VIC,,-37.8154842,144.964372
11684492149,Seed and Stone Salad Bar,SA,,-34.9255118,138.6074457
12510983409,Ol'Coterie,QLD,,-23.1181212,150.7488007
10700493349,Cafe Vivaldi,NSW,,-31.0912545,150.9306479
5982186590,The Bean Project,VIC,,-37.808299,144.9629547
683825299,Port Campbell Ice Creamery,VIC,,-38.6200077,142.9949273
10976586877,Cannoli Bar,VIC,,-37.7557276,144.8658708
11512389978,The Coffee Club,ACT,,-35.3375069,149.1785459
6351431065,Hey Joe Coffee Co.,QLD,Brisbane,-27.4794843,153.042514
4810730422,Flora and Fauna,WA,,-31.946545,115.8596988
7946440436,Unnamed cafe 7946440436,NSW,,-32.7156705,151.5268874
10082969019,Tawer Beachview Cafe,NSW,,-33.9463501,151.256344
12712359127,EE Tea,VIC,,-34.5839897,142.7727021
13022180402,Fruit N Rootz,QLD,,-20.26915,148.7186386
8555447087,Lava,ACT,,-35.3529311,149.0881184
6077594940,Pressed Juices,NSW,,-33.8687343,151.2091835
5555622665,Bar Coluzzi,NSW,,-33.8770519,151.2218336
17087666,Unnamed cafe 17087666,NSW,,-32.8017031,151.7170416
12319334362,Mari Bruny,TAS,,-43.3608591,147.3280816
9761447456,Big Shots Cafe and Bar,SA,,-35.017363,138.5159311
12869950316,The Coffee Club,QLD,,-27.1820222,151.2651669
6355897839,Mary Rose,VIC,,-37.7817887,145.6128874
13754177021,Unnamed cafe 13754177021,VIC,,-38.0245757,145.3133384
13533578303,Chatime,VIC,,-37.8216712,145.0353924
3710072809,Zoe's,QLD,,-24.8703839,152.3342119
7115381288,Lunch Delights,NSW,,-32.9271082,151.772057
10651051694,Bars & Beans,QLD,,-27.454222,153.0317514
8166950508,Epoch Museum Cafe,WA,,-31.9495431,115.8623656
12976495421,Ground.,WA,,-31.950775,115.8586563
6929398203,Shots,WA,,-31.9555113,115.8622587
3616954084,Oasis on Bourbong,QLD,,-24.8654256,152.350508
590056208,Unnamed cafe 590056208,TAS,,-41.4351314,147.1193532
9281848810,Blinc & Co,WA,,-32.0520767,115.7625114
321411278,Granite Freycinect,TAS,,-42.1226143,148.2844954
4888703921,Cherry Walk,VIC,,-36.7285414,146.9603619
8442139185,The Best Tea,TAS,,-41.0517439,145.904869
8889487862,Catching Pen,VIC,,-37.5983719,141.6899217
5146092302,The Pedlar,ACT,,-35.2910332,149.1445168
10997131472,Peckish Pelican Take-away and Café,SA,,-34.6221134,135.4662222
5318089409,AGWA Cafe and Bar,WA,,-31.9504669,115.8606478
5007601279,Co-Op Cafe Bookshop,WA,,-33.3674304,115.6530552
12911762944,Fluers Street Social Exchange Cafe,QLD,,-27.5234314,153.025856
4271432610,Cafe 45,QLD,,-23.3767619,150.512601
11259249012,Wild Bean Cafe,QLD,,-27.4090373,153.0083972
13273323395,Zarraffa's Coffee,QLD,,-27.7009692,153.2000617
3902474463,Artifakt Gallery And Cafe,TAS,,-42.1235288,148.0749208
13696973751,Maple,TAS,,-41.434682,147.140058
8971412635,La Fresco Cafe,NSW,,-34.5521212,146.39793
8623699405,Basin Cafe,NSW,,-34.4206415,150.9029913
6546446441,The Butchers Cafe,WA,,-33.3375427,115.6408935
11076328132,Same But different,SA,,-35.0271681,138.8082657
12139396553,Daily Dose,WA,,-31.9386611,115.869684
12000182049,Illusion by No. 5,QLD,,-27.4569393,153.0367816
747626493,Unnamed cafe 747626493,VIC,,-37.7070718,145.2033806
6554088785,Bang & Grind,QLD,,-16.9209967,145.7774458
13511222229,People's Coffee,VIC,,-37.7996431,144.958361
12675557503,Red Hill Cafe and Wine Bar,VIC,,-38.3825457,145.023715
7936036570,Rockabilly Cafe,NSW,,-33.4184141,149.5758602
6121089364,Deli and Dine,NSW,,-34.4242894,150.9005159
12908644424,The Full Monty,QLD,,-24.8656953,151.1200705
10272461224,E-Tea,QLD,,-27.2411029,153.0170722
1541598206,Dookie Emporium,VIC,,-36.3273339,145.685876
3800310557,Georgie's on Cambridge,VIC,,-37.804436,144.985751
3823895175,Drunk Bean,QLD,,-25.2326472,152.2703136
4583492091,Skinny Legs Café,VIC,,-38.4653235,144.0983712
11464592919,Waffle On,VIC,,-37.8173618,144.9658924
9910817826,Signature Cafe,QLD,,-27.8517875,153.3140161
13724989377,The Rocks Café,QLD,,-27.3510724,153.0271174
7684832497,Jumping Rock,NSW,,-34.6563698,150.2993701
5757884112,Organic Bread Bar,NSW,,-33.8794297,151.2236238
4908661821,Catalyst Cafe,WA,,-31.9826341,115.8184758
8148116360,DuoTone Food and Coffee,WA,,-31.9576003,115.8689861
12587827290,Splash Cafe and Pool,NT,,-12.4058004,130.8800542
734979289,Sails Cafe,NSW,,-36.0594837,150.13893
1861405576,Maggies Cafe,TAS,,-41.436425,147.1372114
4952033541,Favourite Flavours,VIC,,-36.7497492,144.2905654
12553642822,Hazlewoods Cafe and Snacks,QLD,,-27.1154288,152.9537319
12427910701,Elaine's,ACT,,-35.3542774,149.0892812
5828513507,Some Cafe,NSW,,-34.9134817,149.4276576
13702895502,Mascavado,SA,,-34.9217388,138.6353237
6325242040,Unnamed cafe 6325242040,NSW,,-33.6548945,151.3202548
1787048525,Café Alex,VIC,,-37.1931731,145.7105412
4580010584,Alexander's Cafe,NSW,,-34.4938077,150.7942647
8329454338,Chiao Cafe,NSW,,-33.9007246,151.212147
9391004394,3 blind mice,NSW,,-32.0076822,151.9581422
5421310470,Café Mambo,NSW,,-33.8057396,151.0052211
4630872726,Brother Nancy,VIC,,-37.7930338,144.8728987
11101801798,The Yacht Club by Chambers,NSW,,-33.8691601,151.1800682
4536780688,Drummer Boy Cafe,SA,,-34.8449703,138.5030182
12805202732,Unnamed cafe 12805202732,NSW,,-30.4667714,153.0432322
6456658187,Liv-eat,TAS,,-42.8375745,147.5059524
9731305786,SIP Coffee,WA,,-23.3594863,119.7387776
4012255082,Odd Mug Cafe,NSW,,-33.7343837,151.2644898
5593448987,ACCA coffee cart,VIC,,-37.8267414,144.9666877
2294257895,Lets Brunch,SA,,-34.9244706,138.6013297
12035290070,Dolcetti of Kilsyth,VIC,,-37.8025309,145.316331
13769609049,Solhouse Cafe,VIC,,-38.3312598,144.3262194
13739244949,The Deli Discovery cafe.,VIC,,-37.794428,145.2361819
6810310185,Coffee Box by Zouki,NSW,,-33.8215373,151.1917753
6199963823,Full Turn Kitchen Bar,VIC,,-37.9547157,145.0258972
5623291941,Paddock Bakery,QLD,,-28.0769308,153.4442658
13366381732,Three Beans,NSW,,-33.7297687,151.1593966
2963998279,Three Bags Full,VIC,,-37.8073914,144.9965445
6800693287,Bearded Brothers Coffee,VIC,,-37.8152487,144.9632551
9320055441,switch.cafe.diningroom,QLD,,-28.1413474,153.4923469
12193640989,Blossom Cafe,ACT,,-35.1742631,149.1199667
8828900084,Unnamed cafe 8828900084,NSW,,-33.9315907,151.1937551
600753458,kazoomies,WA,,-32.0533884,115.7422378
9391373242,Michel's Patisserie,NSW,,-33.6712058,150.6084485
1149021496,The Organic Market Cafe,SA,,-35.0056137,138.7160856
5248333531,Pagoto Gelato & Waffle House,VIC,,-37.900182,145.0893482
1070463101,SIP & SPICE Cafe & Restaurant,QLD,,-27.6312272,153.0455505
6138135267,Axil Coffee Roasters,VIC,,-37.8150764,144.9714768
10001812941,Sips O'clock,QLD,,-27.473277,153.0177082
604063592,Cafe 61,VIC,,-38.432402,145.8239076
8727273613,Bean Tree Cafe,NSW,,-33.8935797,151.2622585
9877656401,All things yum,NSW,,-32.1805662,152.5112407
13798419775,Hallowed Grounds Cafe,QLD,,-27.3489215,153.0265976
13157525344,The Old Storehouse,QLD,,-27.1961866,152.8247027
9896495564,Riverside Deli,VIC,,-37.8199064,144.9582571
10595171649,Cresswells Department Store Emporium and Cafe,WA,,-33.3104362,117.3453348
12194284178,Ocean St Bowl & Smoothie Bar,NSW,,-33.2368812,151.562942
5555736304,The Factory Grind,NSW,,-33.8823809,151.2165143
1323717146,Hub Fine Foods,SA,,-35.0756254,138.5925756
1306862453,Edwards Corner,VIC,,-37.7750478,144.9709982
4556093307,Miss Moose,VIC,,-38.2212057,145.1767863
2351047452,Sanctuary Harvest Café,VIC,,-37.6823036,145.5332186
7900953485,Zitto,SA,,-34.7903643,138.6920422
9344972640,Little Village Co.,NSW,,-33.6943089,150.3172579
325368234,Trade Winds Cafe-Brasserie,NSW,,-33.9417156,151.2411881
1278907694,Inbound,NSW,,-33.9339796,151.1798653
11804417535,Zarraffa's Coffee,NSW,,-33.02458,151.6640555
627230981,Gloria Jean's,VIC,,-37.9932054,145.1737455
13789299375,Chicha San Chen,NSW,,-33.8946707,150.9339654
10185009217,Bethy's Café,VIC,,-38.3556372,144.9059945
12608686350,Denim Co.,QLD,,-27.4782121,153.0217176
9368928024,AsianRista Cafe,NSW,,-34.4504291,150.4493886
6819433619,Bells and Whistles Cafe,VIC,,-37.8546239,145.1083547
11084667899,Vizio Caffè e Cucina,NSW,,-33.8739215,151.2149082
9072518808,Long Gully Cafe and Keeping Place,NSW,,-31.0791034,150.9454409
9979028493,Unnamed cafe 9979028493,QLD,,-27.2756818,150.4570571
7111106384,The Nest,VIC,,-36.7509887,145.5704356
12740901493,Frankie Espresso,VIC,,-37.0566616,144.2146204
1688178007,Unnamed cafe 1688178007,VIC,,-38.1510982,145.1300942
715422509,Dead Man Espresso,VIC,,-37.829522,144.960189
371053783,Caffe Buongiorno,SA,,-34.9750501,138.6087364
12292814758,Fozigobble Café,VIC,,-38.2043216,146.0668189
8610429781,Planet Earth Adventures,QLD,,-18.1468776,144.3193504
1749238409,Bakers Haven,QLD,,-26.5399239,151.8392175
632244778,Cafe B'loc,QLD,,-27.4698283,153.0298828
13194895710,Daydream Sweet,NSW,,-33.908306,151.2055116
13733826938,Cafe 63 Intersection,QLD,,-27.5849737,151.9488316
7668607752,The Bakeologists,QLD,,-27.467002,153.0464633
12675374225,Fox & Brew,NSW,,-35.9540782,146.8878556
8401209657,Plantation Cafe,NSW,,-34.4817024,150.4167739
2388149149,Normanton Bakery,QLD,,-17.6725557,141.0776791
5602229522,Taste Baguette,SA,,-34.9194788,138.6042558
13810407797,Three Beans,VIC,,-37.8168334,144.9625039
3248848561,Cottle on Coventry,VIC,,-37.832243,144.958107
9333182717,Palm Beach Cafe,WA,,-32.275807,115.7278199
12277848801,AXIL COFFEE ROASTERS,VIC,,-37.8204735,145.0355801
13839579916,Millie J & Co,QLD,,-19.2533151,146.7001836
4542944890,Veloce,NSW,,-33.9362526,151.1659472
12272263678,Pizza & Grill Cafe,VIC,,-37.8455951,144.9945199
1364278681,Barking Gecko Cafe,SA,,-34.967414,138.6960665
5903078085,The Belle General,NSW,,-28.8627235,153.5934983
12876318916,Cafe K,NSW,,-34.0069177,151.2158028
10180299669,3 Beans,QLD,,-28.0283296,153.4310267
4738932150,Gilligans,QLD,,-19.1520083,146.8615868
3479937782,EATS270,NSW,,-33.7287917,150.3012965
11407122734,Gemini Cafe,WA,,-31.9551548,115.858421
10809638725,Sharetea,NSW,,-33.8171084,151.0037442
1112956735,Sunique Foodbar,WA,,-31.8484797,115.8251198
2128298985,Mason's Cafe,QLD,,-16.0976364,145.458393
6026383480,Zaytoune Lebanese Sweets,VIC,,-37.7622313,144.9631082
12477217231,Coffee truck,QLD,,-27.4740654,153.0019098
10676096792,Joos Bar,TAS,,-42.8805931,147.3253032
4583455993,The Lane,WA,,-31.9955204,115.5406025
11533634768,Ânerie General,VIC,,-38.4522749,145.2618342
1511206120,Parkview Cafe,ACT,,-35.2386983,149.0687367
10892627382,T4 Tea For U,WA,,-31.9466213,115.8610389
5336034325,Skeetas,WA,,-28.7688694,114.6107199
12298244307,Little Sparrow,VIC,,-38.1427439,145.1238082
2372898685,One One Seven Bakery and Cafe,NSW,,-31.7008513,147.8366124
6645720362,Cafe Limejay,NSW,,-33.118039,151.4741293
5190152456,Grey's,QLD,,-27.4784039,153.0212531
821370803,Cazzabella's Cafe,QLD,,-27.0637215,153.144025
5761127588,Sweet Fantasy,NSW,,-33.9181219,151.0387216
13715975026,Sage & Co,QLD,,-17.9351024,145.9251985
9901010178,Pieno,NSW,,-33.8816381,151.2145391
3915693438,Minuteman Press,QLD,,-27.3881011,153.0313918
12272133431,Sweet Nata,VIC,,-37.756292,144.9641354
13141832901,Benchtop Espresso,NSW,,-28.8086325,153.278978
13447605301,Black Seed Cafe,VIC,,-37.9029535,144.6588015
12557882301,Brunetti,VIC,,-37.7754764,144.966403
3606633111,Unnamed cafe 3606633111,VIC,,-37.1877489,145.7079046
11842723366,Alex Junior,WA,,-31.8110115,115.7669682
1787039659,Strathbogie General Store,VIC,,-36.8571844,145.735949
7315060186,Joey's Place,VIC,,-38.2078353,144.3294846
4796021827,Auction Rooms,VIC,,-37.8024964,144.9495169
1652394239,South Dowling Sandwiches,NSW,,-33.8610709,151.2038494
5710651331,Flying Fish and Chips,NSW,,-33.8688936,151.1959665
7134853557,Fortune Cafe and Grill,NSW,,-33.3740964,151.4731043
6581531957,Treetop Cafe,NSW,,-33.9036114,151.2133101
13440733495,A2 Coffee House,NSW,,-33.425435,151.3435333
13387458332,San Chen,NSW,,-33.8316066,151.0862687
11235245969,Sweetsbysapna,NSW,,-34.4445743,150.4283546
1231975822,Wendouree Tearooms,WA,,-31.5498608,116.467956
9357055817,L'Anse French Café & Croissants,SA,,-34.7234258,135.8612877
2141028791,Ultimate Coffee Bar,VIC,,-37.797413,144.968219
6222367567,Roc Bakery Cafe,VIC,,-37.9620007,145.0192931
5870368075,The George,NSW,,-33.8640153,151.2090837
2664655123,The Crooked Carrot,WA,,-33.0944948,115.7287055
10302512950,"""Golden Grain Cafe and Bakery,""",WA,,-32.0100791,117.4010808
6138621072,Steele's Bakery & Cafe,QLD,,-28.2145368,152.0369017
2877174863,McCafé,NSW,,-33.928624,150.9475496
11431721040,Johnson Street Cafe,VIC,,-37.6952196,145.0120867
9153350055,The Liberty,NSW,,-34.8436758,148.9124043
3339204702,Cibo Expresso Bar,NSW,,-33.8401016,151.2086867
12860027337,Jock & Mack,VIC,,-37.8825301,144.6999846
2409367767,Farmhouse,VIC,,-36.714527,142.199031
6215183386,Chaitime,SA,,-34.9212384,138.6368518
5844879535,Boss Lady Food & Co.,NSW,,-33.8857797,151.1784639
3230959398,Our Daily Bread,NSW,,-29.0088878,153.4367768
13705041091,Reverb Coffee Co,NSW,,-33.033772,149.4155166
5243876834,Mary's Courtyard Cafe,VIC,,-37.9852997,145.2121135
9409320465,Unnamed cafe 9409320465,WA,,-31.8293833,115.7452942
2614391371,Brighton's Best Bakehouse,TAS,,-42.6998704,147.2508149
8778182617,Local's Corner,NSW,,-33.7975102,151.25058
10605417225,Black Grain,NSW,,-33.8781459,151.2435837
8634927515,The Cake Man,NSW,,-33.8141912,151.1690111
5926516562,The Coffee Club,QLD,,-25.2867454,152.8161064
11133208831,xS,NSW,,-33.9619434,150.805817
1428927053,The Hummingbird Cafe,VIC,,-37.8108673,145.3436773
2817273754,Primo Caffe,NSW,,-33.8452893,150.8957139
10679626485,Reuben Hills,NSW,,-33.8829006,151.2109902
688016800,Tres,VIC,,-37.7429815,145.0644674
1717885086,Dôme,WA,,-31.9575802,115.8655788
2288809900,Loading Zone,VIC,,-37.844448,145.1126411
10219126175,Wirrulla General Store,SA,,-32.4036002,134.531972
3394715519,Unnamed cafe 3394715519,NSW,,-33.9678833,151.1022091
13187429183,Pocket Bondi,NSW,,-33.8896266,151.2812555
8778698577,The Coffee Club,QLD,,-27.6074827,152.757455
3060709499,BTS Cafe,SA,,-34.9258304,138.6011784
6395617786,Fossix coffee,NSW,,-33.8685566,151.2085975
6172767904,Tree Climb Adelaide,SA,,-34.9399914,138.6049594
6179650593,Midtown Delites,NSW,,-36.8884154,149.9107625
11129085507,Powicks Pantry,NSW,,-28.7366703,152.6221984
9199189815,Four Point Grind,VIC,,-37.8998289,145.1426168
9948606144,Keith,NSW,,-28.3264578,153.395429
6923610627,Millhouse Bakery Cafe,VIC,,-37.7550946,144.9937582
802084405,Osso,VIC,,-37.8215426,145.0252945
5274677870,Mexi's Takeaway,NSW,,-33.7218594,151.0255832
7108072355,HuBro,NSW,,-32.9384864,151.7654306
13436532308,Junction Cafe,QLD,,-23.9502964,151.3692736
11839145037,The Tasting Deck,NSW,,-33.6998274,151.2127174
7800445885,Poké Bowl Journeys,SA,,-34.9080466,138.5968041
8253134447,Mavericks Roastery,NSW,,-35.3645608,150.4717397
2395671590,Blue Cow Bistro,NSW,,-36.3860436,148.393073
5259452435,Cafe Deja Vu,NSW,,-33.0141834,151.5979975
10312137385,Valerie's Sunroom,NSW,,-34.7365184,149.7073666
12556177839,Piccalo Me,NSW,,-33.8684797,151.210674
11747388813,The Bays Kitchen,TAS,,-41.3222288,148.2499125
2355656670,Juddy Roller,VIC,,-37.7990341,144.9825548
5118900047,Trebbiano,NSW,,-33.7972106,151.1428682
5296858021,Unnamed cafe 5296858021,VIC,,-36.4498041,146.4325699
9894040163,Nimba Bakehouse,NSW,,-33.8460636,151.2124843
8844794287,The Morning Rush,VIC,,-37.8033406,144.8997633
9220095536,Oliver Brown,NSW,,-33.9474766,150.9003186
1157256566,Chatime,NSW,,-34.0518976,151.1531262
11163947918,BrizStar Coffee,QLD,,-27.4119177,153.0123899
5248293303,Chez Maria,VIC,,-37.8992542,145.0899317
11818256997,Coffee Supreme,VIC,,-37.8091914,145.006807
12829718746,Splash Cafe & Juice Bar,VIC,,-37.8392649,144.9965715
1427579135,Mr Tulk,VIC,,-37.8095603,144.9646236
10312542180,Sherbet,WA,,-31.9281991,115.8927941
8058524445,Coffee Life,VIC,,-38.2081395,146.1551209
10205274670,Iron Horse Cafe,SA,,-32.9728615,138.8413386
6780199285,The Little Kitchen,NSW,,-33.9238451,151.2562878
10780791363,Dusty Fox Cafe,VIC,,-37.8312907,144.9305393
20979910,Thai Riffic,NSW,,-33.8893099,151.2745993
6694608506,DHL Ristretto,NSW,,-33.6989583,150.5644352
10838633487,Gloria Jean's,NSW,,-35.1161807,147.3514181
9211879687,Jamaica Blue,NSW,,-34.0717168,150.8040077
8519262038,Repeat Offender,VIC,,-37.8874469,144.9913053
10742655261,Dirty Red,NSW,,-33.8646027,151.1686184
12454300002,Olive Cafe,QLD,,-28.0054785,153.4287044
9706343918,Guilty Pleasure,WA,,-31.9350844,115.8719433
2718504296,Mabel & George,TAS,,-41.052719,145.9065332
13325027801,Tjays Cafe,VIC,,-37.9005797,144.6622491
6869122848,Indi Kitch,VIC,,-37.8408909,144.8827701
9309797208,Sam Hee & Co - Tingha Antique Cafe,NSW,,-29.9540661,151.2110714
12876558418,Homestead Cafe,ACT,,-35.4911241,149.0730123
10253960726,Leaf Cafe,NSW,,-33.7057103,150.9116454
7041659995,Gloria Jean's,NSW,,-33.7526544,151.2887745
10897848650,Death Star Canteen,QLD,,-27.4664049,153.0296203
6380617665,Milkwood Bakery,NSW,,-34.7754556,150.6972362
2190859913,Oscars Hangout,VIC,,-38.0022289,145.0979053
7456202932,Sir Walters Cafe,WA,,-32.5156927,115.7561532
4401943191,Adele's Cafe,QLD,,-19.1171123,146.8621315
3991317814,Moby Dicks Breakfast Bar & Cafe,TAS,,-40.7631276,145.2961867
6907696918,Schmucks Bagels,VIC,,-37.8145279,144.9568615
633912823,Laurent Boulangerie Patisserie,VIC,,-37.814938,144.957603
600826931,San Churro,WA,,-32.0557512,115.747406
11432192603,Tarboosh,VIC,,-37.7171253,144.944998
8260981534,Totally Baked,QLD,,-28.1337163,153.4680282
2681964511,Wide Open Road,VIC,,-37.7762834,144.961226
10724641214,Outback Coffee Lounge,NSW,,-34.5675379,145.9997856
13447708093,Malanda Collective,QLD,,-17.3526593,145.5924514
5395517376,Pasticceria Padova,VIC,,-37.7020865,144.9657409
2511132956,French Delicacies,VIC,,-38.0075062,145.0866602
2507896850,Unnamed cafe 2507896850,VIC,,-37.7173626,144.8616051
10288822213,Market Street Trentham,VIC,,-37.3885351,144.3230097
12753866622,Benoffee Espresso,WA,,-31.9512983,115.8604818
5293519122,Blooms Cafe,QLD,,-15.9208948,145.3521018
4269671651,Albion Lane Cafe,NSW,,-33.8258517,151.2432688
1921384013,Ellie Mays On York,TAS,,-41.439199,147.1388886
4721509948,King’s Patisserie & Cafe,NSW,,-34.6484812,150.7757498
2436328222,Nibble Cafe,VIC,,-37.6807385,145.0616041
8247051300,Pie Face,VIC,,-37.7697553,144.7752712
11558094669,Happy Daise Coffee,SA,,-35.6861017,139.3392873
13047286666,Beit Siti,VIC,,-37.7408519,144.9629514
10935534137,Caffeinate Coffee Co,WA,,-31.8301567,115.9686457
3583157803,Lucca Cafe,NSW,,-33.9248555,151.187365
2484515571,Sandy Feet,VIC,,-38.755621,143.669105
4691742393,Little Sisto,WA,,-31.8880614,115.7797177
10675872222,Island Espresso,TAS,,-42.8796482,147.3238111
12353183272,Chubby Cubby,NSW,,-33.88169,151.2048184
10875014015,Velo Grammont,VIC,,-37.1005884,147.5907169
8221440822,El Churro Cafe,VIC,,-37.8172089,144.9656642
5229677342,method to the madness,QLD,,-27.508254,152.9474171
9864966489,Greenstreat,QLD,,-27.46595,153.0279827
5194820336,The Village Cafe,VIC,,-37.7929622,145.0718249
13061118701,Steve's Santana Coffee,NSW,,-34.4264252,150.8964875
5328530126,Health and Hire Lorne Beach,VIC,,-38.5398125,143.9763658
11532871048,Madame Jude,VIC,,-36.771948,144.2593176
2581651193,4 Ways Take Away,VIC,,-37.2546747,145.7962582
8867053780,Daintree Cafe,VIC,,-36.1136064,146.8422623
13288303823,Duncan Street Store,WA,,-31.9724013,115.9007187
10168174240,St Ivy Cafe,VIC,,-37.6373173,145.0679494
4497799246,Millers Cafe,VIC,,-37.6500453,145.0198412
5509632103,Merlo Coffee,QLD,,-27.6778226,152.9030479
5002315122,The Ark Cafe,NSW,,-33.2802219,151.5689997
10960704654,Milperra Kiosk,NSW,,-33.935105,150.996391
8585152617,Beauty Cafe,VIC,,-36.7434734,147.1703338
13120823517,Hattam Street Takeaway,VIC,,-36.7821857,144.2686268
5872880627,Ferguson Plarre,VIC,,-37.6540189,145.0186365
1529355181,RMC Cafe Duntroon,ACT,,-35.300584,149.1626476
4305653789,The Journal Cafe,VIC,,-37.8169101,144.965784
12358421432,Mountain Mumma,TAS,,-41.3825154,146.3254985
1076257743,Coffee Club,QLD,,-27.6129177,153.0531953
2407597895,The Bean Barn,VIC,,-37.562136,143.856719
9141577034,Sensoray Lab,VIC,,-37.8219299,144.9264746
5840660113,Neighbourhood Espresso,QLD,,-28.1391759,153.4728141
2346828294,Kelly's Cafe,VIC,,-37.8400484,146.2654598
11296588268,Macquarie Soul,TAS,,-42.8813786,147.3317128
3380616987,Unnamed cafe 3380616987,NSW,,-33.7891878,150.9964401
726415821,Unnamed cafe 726415821,QLD,,-26.8877045,152.1363568
8571372979,Fat Beagle,SA,,-35.7180086,137.9389942
11182281880,Stockroom 567,VIC,,-37.818908,144.9553914
8591599722,Poetic Justice Cafe,SA,,-34.5998986,138.7489509
6801161788,Perry’s Bakehouse Cafe,QLD,,-20.0752025,146.2571856
13250954787,Kelbys,NSW,,-33.9096128,151.1547171
3640114130,Café Eco,QLD,,-27.4948225,153.0296633
11898341731,Tita,NSW,,-33.913334,151.1536382
2417150598,Coffee Branch,SA,,-34.92417,138.5976984
9981381866,Unnamed cafe 9981381866,VIC,,-37.0245362,147.2439433
5909030677,Pitstop Cafe,QLD,,-28.1447372,153.4716628
6979116824,Little Sister,VIC,,-37.9058312,145.0039154
12366651407,Sharetea,VIC,,-37.5923172,143.8053658
1460806958,Zebra Lounge,NSW,,-33.8657615,151.1912492
11138390263,Dose,NSW,,-33.7963756,151.2010722
1300469105,Dad & Dave's,VIC,,-37.8163041,144.8895681
9052003973,Leaf & Vine,VIC,,-37.7986137,145.240599
1955889301,Gloria Jean's,VIC,,-38.0310934,145.3472939
6516081597,Ships Canteen,WA,,-32.1440396,115.7666718
13132040609,Handmade Bakehouse,NSW,,-33.7842277,150.8535411
5317230235,The shed,NSW,,-33.8552882,151.1632343
4860834821,The Plantation House Cafe,QLD,,-28.1135039,153.4410804
9318680832,Hot Lips Cafe,NSW,,-33.7574376,150.6925454
4108728994,Junction Espresso Bar,NSW,,-33.9290513,151.1541216
8272968390,Wanju Cafe,WA,,-32.0511105,115.8656857
12117605393,Frenchs Fair,NSW,,-33.7507955,151.2380994
6985974323,Two Cups,QLD,,-27.4634015,153.0243194
9518303485,Golly Gosh!,NSW,,-33.6775428,151.3036408
11970733846,The Fast Lane,QLD,,-23.389278,150.5065851
11124009568,White Rabbit,NSW,,-33.8758708,151.2422662
1802324309,Dicky's Cafe,TAS,,-41.4375287,147.13956
2748758982,Cut Lunch Deli,NSW,,-33.9115795,151.2539618
7189799662,Becca Foodstore,VIC,,-37.775467,145.0259122
2371723610,The Daily Planet,SA,,-34.9251125,138.5986151
5936805016,Pink Salt Wholefoods Cafe,WA,,-31.7714059,115.9702351
9356856339,Platform 3095,VIC,,-37.7135911,145.1480837
12908644417,The Little Blue Wren Cafe 2.0,QLD,,-24.863923,151.1210556
5497673346,The Tuckshop,NSW,,-33.6980307,151.0014099
8921022117,Unnamed cafe 8921022117,WA,,-31.9404593,115.8012594
7108019483,Wildflower Cafe,NSW,,-32.9268452,151.7844558
13544598730,Wild Bean Cafe,NSW,,-32.2481577,148.5927025
3907321161,Caldermeade Farm,VIC,,-38.2405223,145.5298577
8584760875,La Pola,QLD,,-27.4438236,152.9870793
6217181257,Equinox Cafe,NSW,,-33.7538697,151.2486058
1072618165,Fruits of Passion,VIC,,-37.793915,144.930123
6911824532,Lot 88 on the Park,VIC,,-38.0064325,145.2004462
13172751012,Tea break,VIC,,-38.0051175,145.2485684
12112014845,Hamilton's,VIC,,-37.8200413,145.1051118
515985916,Wild Bean,NSW,,-33.8863105,151.1793843
6952963040,The Roasted Empire,NSW,,-33.7552473,151.2755702
8463032894,The Coffee Emporium,NSW,,-33.8175352,151.0038184
1731762753,The Old Milkbar,VIC,,-37.7541217,145.0165265
13519574538,Biloela Cafe & Restaurant,QLD,,-24.4026301,150.5133566
1170757249,Café De Hayley,NSW,,-33.771295,151.0807042
12401584511,HellTown HotRods,QLD,,-26.2644066,152.7079216
4643544589,Bondi Hall,NSW,,-33.8895658,151.271591
5806706870,Dan's Deli,VIC,,-37.7688056,144.9992886
8633756021,Pizza Obsession,NSW,,-31.4335111,152.9082788
11596290118,St Ali And The Queen,VIC,,-37.8076392,144.9585625
3511803629,Fat Goanna Cafe,ACT,,-35.3150622,149.1895121
12805320084,Cafe & Canes,WA,,-31.921055,115.8384745
6950695911,Family Affair Cafe,WA,,-30.3054713,115.0377945
8440034240,Bloody Good Cafe,VIC,,-37.881264,147.98413
7236624039,Little Billy's,ACT,,-35.3415181,149.0519133
10220872536,Tart Cafe,QLD,,-27.4927605,153.074361
1732691968,Coffee by the Beans,SA,,-34.926589,138.534685
12121721360,Beekeen,VIC,,-37.8196977,145.1206615
497587533,Ambi's Chai,NSW,,-33.8327233,151.2066469
8548548029,Cafe Alfa,VIC,,-38.3124475,146.4209478
10842035384,The Pallet Espresso Bar,QLD,,-26.6912468,153.1155528
7078404467,Cafe Si:Zac,NSW,,-33.758781,151.0934649
6760877858,BITO Beans Bourke,VIC,,-37.8186934,144.9445761
8657417126,Blendz,NSW,,-31.4293724,152.9077887
5950840567,Cafe Tiffanys,WA,,-33.5737065,115.824641
13380674901,CHAM,VIC,,-37.8075764,144.9554161
474793929,Fairfield Boathouse,VIC,,-37.7851623,145.0136098
708276015,Babble on Babylon,VIC,,-37.8729891,144.9897735
12626547582,Social Hideout,NSW,,-33.8084574,151.0058946
12862488327,Tangcha,QLD,,-27.5244471,153.1909886
1192511804,Unnamed cafe 1192511804,VIC,,-37.9936261,145.1103293
8672119336,The Crossing,NSW,,-28.8415161,153.4396058
6575673862,Portico,NSW,,-33.8649816,151.2058332
2917142819,The Coffee Club,WA,,-31.9012284,115.7990938
10731729856,Kingswood Coffee - North Sydney,NSW,,-33.8387769,151.2087029
7217830040,Para Bey Gourmet Kitchen,NSW,,-33.7693515,150.6697321
6089182122,Bean Lab,VIC,,-37.7779783,144.8507463
11070685447,Stomp Coffee,WA,,-31.9302683,115.8578349
11934189790,Only Coffee Project,NSW,,-33.8079589,151.1850132
6548788068,Deja Vu,NSW,,-33.8662908,151.2083375
5657746769,Frothy Coffee Boatshed,NSW,,-32.3904532,152.502406
3562329733,Unnamed cafe 3562329733,VIC,,-37.7793588,145.5298376
1753634200,Sprout Cafe,NSW,,-32.8922534,151.6984019
1918026529,Meteoric,VIC,,-38.0191548,145.3064277
4627793539,The Pocket Freshwater,NSW,,-33.7808662,151.2897571
1242695924,Ten Square,VIC,,-37.8119646,144.9605372
11779187991,Robusta Cafe,NSW,,-34.0268506,150.7778412
5215344448,Mingi Cafe,VIC,,-37.9671335,145.1744938
12777773401,Quarter Mile,SA,,-35.0754266,138.8757642
4879388352,The Annex,SA,,-34.9799133,138.5157029
12791216730,Mrs & George,NSW,,-33.8838719,151.1989453
10203488672,Verdict Espresso,QLD,,-27.9664707,153.4132847
4491545190,E for Ethel,SA,,-34.9069852,138.6068378
12709179611,Divine Cafe & Bar,ACT,,-35.253758,149.0702912
7448082790,Coffee Guru,ACT,,-35.1997533,149.148394
10718119006,Sable,VIC,,-37.8260934,144.9960421
4242592224,Mamma Lou's,SA,,-32.4938125,137.7674189
4294004676,Moo Moo Milk Bar,VIC,,-37.7755285,144.9489674
3748694909,Amy's Country Cafe,QLD,,-28.0347368,151.9826971
1230231667,Omeros on the Beach,NSW,,-33.9854456,151.1478863
10292522728,Caffin8Cafe,QLD,,-17.0913046,145.78629
11445929836,Top Impression Bakery,NSW,,-33.8848065,151.2005939
12708684305,Bowser Bean,VIC,,-35.3468105,143.5614518
370310485,The Chookery,VIC,,-37.9334033,145.4409515
12420670651,Beekeeper's Table,VIC,,-36.1205268,144.7466333
12777387519,Kinky Lizard,WA,,-31.9604482,115.8727921
13341798909,Insta Cafe,NSW,,-33.7611977,150.7832529
11073111419,Pie Face,QLD,,-27.1287137,153.0513626
6267321292,Boost Juice,NT,,-12.4708278,130.983906
6687405548,Tucker on Townsend,NSW,,-36.0888638,146.9112088
3267630502,Cafe Aqua,NSW,,-33.8499743,151.0668897
9470170892,Unnamed cafe 9470170892,VIC,,-37.6997251,144.9964843
4084183111,Collective Espresso,VIC,,-37.8261927,145.0579964
12358421411,Blacksmith Cafe & Grill,TAS,,-41.3822673,146.325578
3707405927,Unnamed cafe 3707405927,VIC,,-37.8242051,144.9917605
9722108819,Bon Bon Cha,WA,,-32.0569127,115.87985
10927640923,Unnamed cafe 10927640923,TAS,,-41.4342422,147.1466483
10188110117,Rufus and Co,QLD,,-20.2717397,148.7235843
4385263609,Piccolo Me,NSW,,-33.7676442,150.7287474
13452810481,SHMOCHI,SA,,-34.905903,138.6305981
9679144765,Spout,VIC,,-37.8768135,144.9963232
11391637417,Miss Maud,WA,,-31.8770681,115.7797345
13706444501,Georgie Boy Expresso,VIC,,-37.8180849,144.9958588
5863007478,Beach n Bean cafe,QLD,,-28.1668665,153.5443224
4729855693,La Latteria,VIC,,-37.797415,144.97114
9862019477,Mills Cafe,VIC,,-37.7317329,144.9586085
6420052783,Poke The Bear,VIC,,-37.772212,144.998816
6060217813,Brunetti,VIC,,-37.8166972,144.965816
7605049687,Cafe 63,QLD,,-27.1024521,152.9491543
8419583766,Arthur Street Deli,VIC,,-37.7830395,145.0184356
11108806188,Sheoak Cafe,SA,,-34.9972255,138.6302576
9501775517,Miu Coffee,QLD,,-27.9563844,153.4006856
984893211,Java Lava,NSW,,-33.9516134,151.0158424
12306445932,The Finch,QLD,,-27.5622013,151.9529554
8431646456,Heart & Soul Coffee Lounge,VIC,,-37.7863198,145.37924
88638767,Unnamed cafe 88638767,NSW,,-34.3087938,149.9692235
9602416530,Steam Yard,NSW,,-33.4839035,145.5340332
5235562960,Cheeky Greek,SA,,-35.0671216,138.8578308
6239171659,The Odd Room,VIC,,-37.9555141,145.038141
8148065735,Cafe Italia,WA,,-31.9582694,115.8708638
6581529724,Diggy Doo’s Kiosk,NSW,,-33.8677322,151.2085066
13666083201,Tina & Po,NSW,,-33.8869166,150.9427098
11280607426,PM's Coffee,VIC,,-37.6852146,144.5669726
1921382114,West's Bakery,TAS,,-41.4184146,147.1751478
6696553065,Plant Organic,WA,,-33.3260407,115.6378124
8699591635,Grant Street Cafe,NSW,,-31.4338514,152.9146392
13203730958,Will & Co Bondi,NSW,,-33.8886669,151.2756355
9506739031,Little Tea Cups,VIC,,-38.1627344,145.9321941
5045921923,Mykies,QLD,,-26.7110715,153.1240072
9722466737,Dropout Espresso,QLD,,-27.3697578,152.8871149
13028117219,Outta Coffee,NSW,,-33.8819382,151.2040519
3015686769,Pantry,SA,,-34.9394025,138.5373413
6673234093,White Picket Fence,QLD,,-26.8046161,153.1267059
5114260690,Unnamed cafe 5114260690,NSW,,-33.8578167,151.1801217
3013605814,The Old Vine Cafe,SA,,-35.2665431,138.4833248
13435803801,Matt's Lunch Bar,WA,,-31.9468414,115.8679729
6017236256,A Simple Sandwich,VIC,,-37.7493553,145.0019682
1917885887,cocobean chocolate,TAS,,-41.4357843,147.1398361
9684279736,Blakes Feast,VIC,,-37.8592045,145.0606696
13022630817,Coast Palm Beach,NSW,,-33.6032452,151.3199767
12437695849,Pause And Sip By White Mojo,VIC,,-37.8102807,144.9629277
10904109731,Topolinis Caffe,WA,,-31.8446711,115.8088574
12753527035,Kinky Lizard Espresso Bar,WA,,-31.9524841,115.8532189
2259583920,Cavity,VIC,,-38.7024459,145.8204601
7897012984,Caperberry Cafe,NSW,,-29.4367853,153.3609852
11552574056,The Big Strawberry,VIC,,-35.8891001,145.5745868
10960641232,Unnamed cafe 10960641232,NSW,,-33.934322,150.9943163
5272039164,Street Organics,VIC,,-37.8582356,145.0409629
9900891316,Yachiyo,NSW,,-33.8776999,151.2216722
8864511814,Amaretto,QLD,,-27.4924932,152.9818142
1909512352,Vertical Espresso,NSW,,-33.7488366,151.1119615
8810194980,The Bistrot Cafe,WA,,-32.0569248,115.7446052
1609856614,Heart 2 Heart Lebanese Patisserie,NSW,,-33.8352352,150.9879601
7655687551,Riverston Tea Rooms,QLD,,-23.3775475,150.5142787
12111652850,Fortitude Coffee Roasters,QLD,,-27.4258126,153.0377018
11276779903,Hatters Tea House,NSW,,-33.5135495,151.3349871
3162408596,Courtyard Cafe,SA,,-37.5972173,140.3550377
12415553875,Roxy's Cafe & Pizzeria,VIC,,-36.1778039,146.939529
4116111790,Burger Me Fresh,QLD,,-28.1640674,153.5143072
7738959741,Unnamed cafe 7738959741,VIC,,-37.7244354,144.8813213
836254119,Gloria Jean's,VIC,,-37.8861032,145.0838791
11451619120,Mitta General Store,VIC,,-36.536781,147.3778533
9687104608,Mow and Co.,QLD,,-27.4787001,153.0436446
21555137,Wendland Fine Foods,QLD,,-27.5536923,151.9673595
8542714581,MsChief,NSW,,-33.8234279,151.20113
9561855041,Unnamed cafe 9561855041,NSW,,-33.9518662,151.0319632
10274524937,Hills Bros,NSW,,-33.8678,151.209048
12152643702,Beckman Street Deli,SA,,-34.9624842,138.5636597
10272461278,Gong Cha,QLD,,-27.2425554,153.0183246
3683328360,Jabba Coffee House,WA,,-34.2484407,116.1423552
1307725781,McCafé,NSW,,-33.9074996,150.9189988
2913643201,22 Grams,NSW,,-33.9170091,151.2406737
4844762741,The Olive Branch,SA,,-34.9910016,138.8268431
6052186483,Ice Cream and Juice,VIC,,-38.0524145,145.1152368
11180561391,Green Bag Cafe,VIC,,-37.6541653,145.0150311
9363137587,The Luna's Cafe,TAS,,-42.8341212,147.2773565
9892473313,La Coq & Fish Bistro,NSW,,-33.8375701,151.1967434
13518462083,BNK Cafe,NSW,,-33.9332084,150.9488179
2738348654,RedBeard Historic Bakery Cafe,VIC,,-37.3882253,144.3219567
7643840530,Jaffelatto,WA,,-32.2761353,115.7293734
2687918690,Grinders,VIC,,-37.825199,145.08107
5301689822,Fowles Winery and Cafe,VIC,,-36.9131739,145.2246674
12850138730,Fresh In The City,WA,,-31.9539322,115.8531981
7375570963,Sayers,WA,,-31.9373171,115.8425214
5123687667,B2B,NSW,,-33.7935515,151.1923134
5031340321,Ink Espresso,SA,,-34.8208963,138.4941004
10811019105,The Old Croissant Factory,SA,,-34.933844,138.6126972
20979628,Gosh Coffee,NSW,,-33.8941701,151.2250547
5392712726,Bonwick Street Bakery & Cafe,VIC,,-37.7022195,144.965373
6680755644,Unnamed cafe 6680755644,WA,,-31.8938507,116.7660722
4265330853,The Chef & the Barista,NSW,,-33.8303953,151.2188477
12038547670,Little Sparrow,VIC,,-37.8761135,144.6803421
4958333627,The Tea Rooms 1892,VIC,,-37.815752,144.964728
883819059,Unnamed cafe 883819059,QLD,,-17.2639736,145.4772499
10115732959,Tyalgum Store,NSW,,-28.3567367,153.2068377
12416949514,Quamby Car Kwap & Coffee,VIC,,-35.8509171,143.5216406
5327222614,Espresso Engine,QLD,,-27.4722441,153.0251493
5721870291,Café Finniss,SA,,-35.0091758,138.5549107
10705632573,Unnamed cafe 10705632573,NSW,,-32.7376531,151.5518635
612756715,Cath's Cafe,VIC,,-36.4640713,146.222044
3818492665,The Trend Shed,TAS,,-41.1669125,146.5526882
6910806336,Kettle & Seed,NSW,,-36.2351874,149.1242629
11987034976,Cafe Guilty Pleasures,WA,,-31.9463777,115.8538165
12538633792,Black Dingo Cafe,NSW,,-28.1650248,153.5508864
12522196070,Shed,NSW,,-33.6453544,151.23535
3135006904,Zoo Bakery,VIC,,-37.7835473,144.9531253
20979690,Gloria Jean's,NSW,,-33.8946874,151.2269635
11477752065,Whisky Business,QLD,,-27.5206311,153.1986604
11816090957,Garnish Fine Foods,NSW,,-33.8811748,151.1381499
10573770457,The Yot,VIC,,-38.1451844,144.3661733
4259739642,Unnamed cafe 4259739642,VIC,,-38.1485698,145.1378991
6302669090,Chatime,ACT,,-35.2778955,149.120737
13414758172,Chatime,NSW,,-33.7034414,151.1010232
2682666719,Bulldozer Cafe,VIC,,-37.8301586,144.9622614
59959533,Popati Cafe,NSW,,-34.0456574,151.1449615
11816119270,Cafe Reggio,NSW,,-33.8796752,151.1384026
9567314150,More – Rosebery,NSW,,-33.9156906,151.2026915
1918124908,The Antique Cafe,TAS,,-41.435127,147.1408198
2186593851,Spilt Milk Bar,ACT,,-35.2513409,149.1356898
1112796032,Plated,WA,,-32.0477055,115.7541967
9906637602,casa del cafe,NSW,,-34.7366167,150.5333526
9975858117,The Lookout,NSW,,-33.8698696,151.2290778
12639843650,134 Espresso bar,NSW,,-35.4430679,149.7994735
5172132108,United Speed Cafe,NSW,,-32.9122529,151.7309677
12624173033,Stuart Town Shop,NSW,,-32.8063498,149.07679
1663378687,Checkpoint Charlie,NSW,,-33.966079,151.0889009
5824861171,iCafe,VIC,,-37.7851162,144.8331762
10072473669,Dôme,WA,,-31.9671327,115.933233
11363201105,Lait Noir,QLD,,-27.4697316,153.0280385
12162912848,Darling Street Espresso,VIC,,-37.7690685,144.9105119
8157927549,Feast On East Cafe,VIC,,-37.7101094,144.9505104
493868870,Unnamed cafe 493868870,ACT,,-35.3341307,149.1654138
4607326389,Typika,WA,,-31.9832669,115.779407
4744138053,Between Us,VIC,,-37.8245936,145.0820764
5231792921,Cafe Fika,QLD,,-16.9226947,145.7743448
12309096420,Food Van,QLD,,-26.3669167,151.5306663
4767256588,Staff Café,NSW,,-33.7746678,151.1117066
8591599921,Cibo,SA,,-34.5996655,138.7493361
12093363134,P!nk Elephant Coffee & Micro Deli,NSW,,-30.8854464,153.0406201
12953465181,Silver Fox Cafe,NSW,,-32.362634,149.5331795
7260552186,Cape Lavender,WA,,-33.6657132,115.0311675
12550216272,McCarrs General Store,NSW,,-33.6833738,151.230849
13700060044,Coffee Express,NSW,,-33.7128713,150.935055
12846856169,Starbucks,VIC,,-37.6358294,145.0050468
2968344432,"""Sappho's Books, Cafe & Wine Bar""",NSW,,-33.8832148,151.1914551
13453862362,Café on Kingsway,NSW,,-34.0422985,151.1220535
13335664155,The Balanced Brew,NSW,,-36.0445734,146.997707
683814249,Unnamed cafe 683814249,VIC,,-38.3840327,142.4829436
8524740827,Dyer Street Cafe,VIC,,-37.5406962,144.9551397
13439576362,Harry's Cafe & Deli,VIC,,-37.757646,145.1299718
11744997143,Willing Coffee,WA,,-31.922418,115.8787918
9239493625,Barefoot Barista,QLD,,-28.1313739,153.4880729
3624341004,C Bee's,QLD,,-24.8669029,152.3499528
9572184225,Honey Beanz,WA,,-31.9442406,115.8218128
3686627334,The Buzzbar,NSW,,-33.9704523,151.0802566
12491733581,Laneway Seven,WA,,-31.7828496,115.9655679
6187727023,Currimbin Valley Harvest Organic Farm,QLD,,-28.2155041,153.3843487
9892668318,World Cafe & Bar,NSW,,-33.8761208,151.2056533
9946592372,G’day Bondi Cafe,NSW,,-33.8864953,151.2796424
13288171251,Arc Espresso,VIC,,-35.3417075,143.5600876
7709442943,Exeter General Store,NSW,,-34.6130023,150.3169121
6467386666,Stacks Cafe,NSW,,-33.7203311,150.4287641
5883083586,Sidekick Cafe,WA,,-33.9495357,115.0740453
473347203,Evo Cafe,QLD,,-27.5212825,153.0195376
3272099685,Cafe Nookie,NSW,,-33.8897698,151.2075851
9871158330,Bean on the Green,QLD,,-27.5312196,153.0280977
5276565521,The Grapevine Eatery,TAS,,-41.3219768,148.2505657
13253266279,Doran Doran,NSW,,-33.8935796,151.2000269
5669219021,Sapore,WA,,-31.9669664,115.9352181
7814850385,Coffeelosophy,SA,,-34.9319754,138.612599
1950003079,Hillside Cafe,QLD,,-27.7591749,153.2303962
10263582668,Centrebreak Beach Stay,WA,,-30.0699409,114.9660096
1919406206,The Tea Room,TAS,,-41.4378451,147.1337277
4950300090,Coffee Trails,NSW,,-33.8837115,151.2040916
8668037939,Volare Cafe,NSW,,-28.8423236,153.4404297
1916754977,Gidgee Bean Cafe,QLD,,-28.0676272,145.6838567
4278516540,Cafeteria,NSW,,-34.1013305,150.7674803
3134323918,The Pass Cafe,NSW,,-28.6380361,153.6289497
1913394409,Cube Seaport,TAS,,-41.432773,147.1329018
4316819891,Drive-through coffee,QLD,,-23.3713915,150.5185756
9704570760,Unnamed cafe 9704570760,QLD,,-27.4909062,153.1521749
848692782,Panache,VIC,,-38.3316237,144.3241087
3441886975,Fleetwood Macchiato,NSW,,-33.8992651,151.1828416
10161164316,Cafe de Swan,QLD,,-27.9873003,153.426061
12475058579,The Cove Dining,NSW,,-33.8509525,151.1290375
13387469748,Auvers,NSW,,-33.8341735,151.0853646
1238110267,The Pasta Merchant,TAS,,-41.4437477,147.1414322
8419672983,Bella Cosi,VIC,,-37.841865,144.9360718
5973408609,Curio Cafe,NSW,,-33.9035682,151.2429231
3885415460,All Good,VIC,,-37.8520028,144.9806355
4755705825,Smith and Deli,VIC,,-37.8014628,144.9787111
12528998095,Butter Cream Cafe,QLD,,-27.5187422,153.0963432
6800693299,In a Rush,VIC,,-37.8156794,144.9618381
6077594225,Bun Me,NSW,,-33.8682714,151.209525
9949585813,The Little Elphant,VIC,,-37.9467313,145.031919
1638352305,Open Pantry,VIC,,-37.5633997,143.8647568
11989902266,Cache Cache,QLD,,-27.5774316,153.1127195
7076592030,Saigon Alley Coffee,NSW,,-33.7328657,151.0055623
9632495366,Two Peas In Their Pod,VIC,,-37.7888133,145.4245208
2838877743,Lettuce Eat,QLD,,-27.4848645,153.0024507
10958836833,Fruillati,NT,,-12.4644685,130.8423883
4421649692,Starbucks,QLD,,-28.0290044,153.4313203
1473896385,Cafe Monsu,VIC,,-37.8770928,145.0435258
2405915681,Unnamed cafe 2405915681,QLD,,-28.1021046,152.0573152
11005766480,My Seaside Cafe,VIC,,-38.4635753,145.3091746
20979945,Lorenzini Cafe,NSW,,-33.8899078,151.272154
5197209522,Shisha Bella,NSW,,-33.9023764,151.1790005
13827360463,Memphis 9,NSW,,-33.7860657,150.967547
12067199479,Machi machi,NSW,,-33.7947857,151.1862033
9884038811,Cafe Leon,NSW,,-33.8304294,151.2240251
5177183276,Stephen Road Cafe,VIC,,-38.0081001,145.2127479
12350665944,Esperanca,WA,,-31.8977646,115.7752496
12389176870,Foundry Lane,VIC,,-37.8104731,144.9676255
8618914517,Einstein 251,VIC,,-37.8790952,145.0235308
5657996925,Lunches,WA,,-15.7744945,128.7404862
10209264430,L'Etranger,QLD,,-27.9292307,153.405511
9731738513,Xing Fu Tang,VIC,,-37.8121824,144.9620102
3281347908,Yellow Stage Eastwood,NSW,,-33.7905068,151.082944
1307621258,Plunge Cafe & Florist,ACT,,-35.2415861,149.0923785
13552194330,Flying Sparrow,TAS,,-41.4408629,147.1325105
11482214396,Chubby Boy,WA,,-31.9227266,115.8841171
6806786122,9 meals cafe,VIC,,-37.743215,144.9658649
5259849041,Jamaica Blue,NSW,,-32.9430155,151.7116079
6714518854,Pie Face,VIC,,-38.1460664,145.1351637
5875641870,Unnamed cafe 5875641870,NSW,,-33.9978207,150.8656115
1030215238,Banjos,TAS,,-41.4668893,147.1602742
12861949442,Belle Vu Cafe,QLD,,-28.2165887,152.0323408
5297012150,Rivers Edge Cafe,WA,,-31.6520469,116.6713393
1278927655,Bistro Bar 2020,NSW,,-33.934367,151.1788014
6520431488,Deoro & Co,VIC,,-38.1095105,145.3360558
1931981621,Craignish Cafe,QLD,,-25.2825539,152.7477504
276577701,Pinnaroo Cafe,WA,,-31.8008072,115.7770091
3373111331,Palette Fremantle,WA,,-32.0288255,115.7504141
12714931559,La Familia Espesso Bar,QLD,,-27.4064683,153.0166458
3532111502,The Coffee Club,QLD,,-28.0012354,153.4285813
4198121571,Tapa,VIC,,-37.8210951,145.0234554
3999315923,Lavender & Berry Farm Cafe,WA,,-34.4333582,116.0723572
12372692115,"""Bread, Expresso & Thirroul""",NSW,,-34.3124743,150.9283573
3913687176,Red Cacao,SA,,-35.0045792,138.7169061
4041216313,Hock the Ruby,VIC,,-37.0933167,145.1028218
10846059884,Gotcha,VIC,,-37.8098249,144.9637174
2611693080,Scootz,SA,,-34.9341274,138.6061622
2958141081,White Rabbit,NSW,,-33.9046598,151.1720411
4240305982,Unnamed cafe 4240305982,ACT,,-35.2200153,149.1036492
7393538787,The Telegraph,WA,,-34.3971364,119.3798801
7561158553,Karibu African Coffee Club,VIC,,-37.7885601,144.8310282
293877245,Jackson's Bakery & Cafe,NSW,,-34.5536949,148.3676141
12234034680,Pulcinella,VIC,,-37.7638655,144.9628255
10780737505,Berry & Maple Patisserie,QLD,,-20.2667516,148.711479
8117776617,Hand of Fatima Cafe,QLD,,-26.481225,153.0966209
3260940050,KereKere Green,VIC,,-37.8149104,144.9792572
10848045654,John Court Cafe,VIC,,-38.0701395,144.4028999
9655893016,Legends,VIC,,-36.1951171,147.9057977
8562212522,Goodness Coffee Co,SA,,-35.2660143,138.4832963
3737251586,Cape Naturaliste Lighthouse Tea Rooms,WA,,-33.5392001,115.0196627
9503865446,Caffè Gigi,NSW,,-33.8613632,151.2123743
3764757192,Cafe Borella,NSW,,-36.0776916,146.9435551
5205432925,Grind Me Coffee Co.,QLD,,-28.0756193,153.4433169
13502741801,JIJI's,VIC,,-37.7257098,145.0709111
788178346,Temptation Pies,VIC,,-38.0420257,145.1392928
12770117476,Ampol Foodary,NSW,,-31.4964783,145.8275003
9996540779,Unnamed cafe 9996540779,QLD,,-27.4160039,152.949599
11365517506,XS Espresso,NSW,,-33.7924449,150.9977683
11162771912,Piccolo Me,NSW,,-33.8644667,151.2130568
4971402754,Ji-leigu-Jura-I Café,NSW,,-30.0194554,153.2008083
5430190681,Honey Badger Cafe,VIC,,-37.9791385,145.053297
571317106,Turtle Café,VIC,,-37.8823497,144.982876
11865362049,Piccolo Takeaway,NSW,,-33.8874967,151.2006411
698278008,Banjos,TAS,,-42.846595,147.3539984
5307398663,Lunch Master,VIC,,-38.0320443,145.2023713
253707482,Unnamed cafe 253707482,VIC,,-37.9250702,144.7928382
4283271428,Lunch Matters,VIC,,-37.9842838,145.1112263
3215441675,Our Little Ray of Sunshine,VIC,,-37.9499429,145.003972
11451619119,Platform 9 Coffee Roasters,VIC,,-36.5367571,147.3778628
13681217906,Bowen Street Cafe,VIC,,-37.8075777,144.9637597
9894611313,Double Barrel Coffee + Food house,NSW,,-33.8923349,151.1875637
13599797944,The Coffee Club,QLD,,-26.6552469,153.0879906
13720337751,Order Lemon,NSW,,-33.87756,151.2050866
11832045771,Memories Cafe,QLD,,-16.8107421,145.7205856
10712164086,Upper Beaconsfield General Store,VIC,,-38.0042039,145.4098584
9609145795,Flowerpot Coffee Shop,QLD,,-26.7814163,152.7175061
13539218013,Members Lounge,NSW,,-33.8690553,151.2178865
2658249890,Cafe Deli,WA,,-32.3682951,117.0105614
2388421637,Karumba Point Seafood Market and Cafe,QLD,,-17.4556902,140.8353576
6395687885,Happy as Larry,NSW,,-33.8645686,151.2063983
13425542073,Caffe de Carlo,SA,,-35.5053246,138.7780853
9147097213,Ice Baby,QLD,,-27.4454578,153.0275577
13586051802,Orangepete’s,TAS,,-42.0802575,145.5572597
13273413440,Boost Juice,QLD,,-27.4043788,153.1098767
4601038092,Cafe on Hampton,WA,,-32.0621903,115.7568409
1736838307,Naked Brew,NSW,,-33.9002702,151.1898078
2241510099,The 'One' Hub,ACT,,-35.3059792,149.1320627
5851322200,Le Monde,NSW,,-33.8847041,151.2111191
536428912,Trading Post,VIC,,-37.4020029,144.5876687
12748998325,Ambi's Chai Bar Kingston,ACT,,-35.3162369,149.1419307
5843828189,Grumpy Donuts,NSW,,-33.885822,151.1752763
12920306062,Penny University Cafe,ACT,,-35.3162656,149.140658
12293109350,Capp,NSW,,-33.8719938,151.2091589
13639690143,Leible,NSW,,-33.8410381,151.2072326
12308517919,Billabong Waterhole,NSW,,-33.8743149,151.2132425
11092759422,The Hungry Monkey,NSW,,-34.4794614,150.4182684
5674853201,The Shop at Picnic Point,NSW,,-33.9710889,151.0003833
8445038829,M & O,VIC,,-38.4481504,145.2384565
7237746970,Brighton Kiosk,NSW,,-33.9619,151.156
2647202601,Eastern Bloc Cafe,VIC,,-37.7411982,144.9638849
320411631,West End Park Cafe,QLD,,-27.4806068,153.0047848
12617690332,Rustic Corner Cafe,VIC,,-37.6128598,145.0014284
5153093297,Sushi Cafe,NSW,,-32.9399728,151.7084952
10763124405,Riverside,QLD,,-27.4773462,153.0220935
13744356223,the coffee box,NSW,,-33.8728606,151.0931513
2518403833,boardwalk,NSW,,-30.4960915,153.0216647
4096814492,Shuk Cafe,NSW,,-33.8822767,151.276869
1157256572,Kafenio Cronulla Beach,NSW,,-34.0518886,151.1528209
13316074133,Homm,NSW,,-33.8808321,151.202988
9705869566,Tumby Bay Bakery,SA,,-34.37494,136.1012269
11254565681,Central Perk,NSW,,-34.6700666,150.8537765
9269034444,D'becas Cafe & Catering,QLD,,-27.4320249,151.9914559
267116267,Routley's Bakery Cafe,VIC,,-38.1096624,144.3526058
6429956286,L'Anse Tumby Café,SA,,-34.3744175,136.1023758
13286695063,Thr33 Coffee,QLD,,-27.5946315,153.1148518
816749036,Lake Village Bakery,NSW,,-35.1672915,147.3834524
7293854969,Hometown Cafe,NSW,,-33.4803272,150.1592181
7076726859,Unnamed cafe 7076726859,SA,,-32.7972801,134.1988831
6351439688,Fortiude Coffee Roasters,QLD,Brisbane,-27.4802122,153.0423442
2366581796,Sisterhood,TAS,,-42.8945178,147.3271424
4184882984,Ash+Monties Espresso Bar,QLD,,-27.4808141,153.0052118
9494149960,Delightful Cafe,SA,,-34.8628285,138.619682
9270944686,The Joint Cafe and Pizza,NSW,,-33.012354,151.7150241
8148140812,Mr. Sandwich,WA,,-31.9512582,115.8501881
9220095534,Cafe 4se7en,NSW,,-33.9484117,150.9001342
9166218228,Yowahnut Cafe,QLD,,-27.9712153,144.6362709
4784042821,Sandy Beachouse and General store,NSW,,-30.1496361,153.1987283
11247471378,Outback Cafe,NSW,,-31.5625217,147.1929282
570616542,Espresso Bar International,VIC,,-37.8191459,144.9551442
9348093448,Georges Hall Cafe,NSW,,-33.9124643,150.9826889
3866618897,Wild Timor Coffee Co.,VIC,,-37.7986544,144.9654934
9748647920,Health Freak Cafe,WA,,-32.0199238,115.8354855
5129803932,Local Crowd,SA,,-34.985651,138.595029
9893127692,Hav'A'Chat Cafe,QLD,,-27.0883856,152.3777173
6519615291,Unnamed cafe 6519615291,NSW,,-34.055409,150.6942869
13289956601,The Flour,VIC,,-37.8058141,144.9548105
12121748572,Boost Juice,VIC,,-37.8198026,145.1214061
11596283037,Roasters With Altitude,NSW,,-33.6498857,150.2925396
5884192085,Brew Ha Ha,NSW,,-33.8764343,151.1648204
2108103235,Red Pillar Cafe,VIC,,-38.0082424,145.1073926
4425972996,Spice and Cream,NSW,,-29.0473943,152.0204025
11322953272,Unnamed cafe 11322953272,VIC,,-38.6064559,145.5889089
2183426520,Big Wave Cafe,VIC,,-38.5148767,145.3566839
3949509427,Holy Moly Espresso,QLD,,-27.4614705,153.0263132
5623291930,Caffe Republic,QLD,,-27.9957347,153.3993625
7025765583,The Kraken Kiosk,NSW,,-33.2895296,151.5660161
10707981499,Five Star Cafe,VIC,,-35.053349,142.882659
9547103062,The Coffee Emporium Macarthur Square,NSW,,-34.0741209,150.797296
10583727904,Autumn Leaves,VIC,,-37.7873047,144.9293963
9642676474,House of Cards,VIC,,-37.7206614,145.0469893
12024648772,Nguyen's Hot Bread,VIC,,-37.8536807,144.9931608
9112269245,Pirrama Park Kiosk,NSW,,-33.865659,151.191784
7221981020,Gravity Cafe,NSW,,-33.7591247,150.7210633
3840639975,Tuena Coffee Stop and Craft Shop,NSW,,-34.0161921,149.3281476
9903079339,Outlaw,VIC,,-37.8241685,145.0814269
2300361611,The Ridge Organic Food Store & Café,VIC,,-38.633383,143.5670727
8662078610,Ten,NSW,,-33.8936172,151.2609119
10820731309,Thee Coffee Shack,QLD,,-27.0862252,152.3772811
4505793931,Store Fifteen,VIC,,-38.2170317,145.0366437
11951401060,@J Cafe,NSW,,-30.7463039,152.9959434
797244315,Retro Cafe,TAS,,-42.8868116,147.3316115
2395670201,Canungra Hub Cafe & Deli,QLD,,-28.016867,153.1636279
6017394207,Red Bean,VIC,,-37.7477873,145.0045551
9147049799,Lane Cove National Park Cafe,NSW,,-33.7904045,151.1551695
11515463155,Maple Lane,QLD,,-27.3506833,153.0485232
442298097,Unnamed cafe 442298097,WA,,-25.7936899,113.7190016
4231945981,Blue Tongue Kitchen,QLD,,-27.4804359,153.2023575
1854310190,Harry's Couch and Photographic Cafe,VIC,,-37.8312695,145.3603929
10110813788,Vitti Cafe,QLD,,-19.2509866,146.8139587
2854435733,McCafé,NSW,,-33.8775109,150.9799981
12118135054,Unnamed cafe 12118135054,NSW,,-33.9178684,151.1942577
7599154621,Hannah,VIC,,-37.8676655,144.9903245
5423742738,Unnamed cafe 5423742738,QLD,,-26.653441,153.0936232
8314328819,Boost Juice,QLD,,-27.1240108,152.9761253
3555580001,Unnamed cafe 3555580001,QLD,,-27.3969239,153.1331863
7758612088,Gus' Coffee,QLD,,-23.3784289,150.5043197
3224595387,The Pondering Frog,TAS,,-41.9434318,148.2143001
8279593284,Cafe 93,QLD,,-27.6099916,152.761131
12091255926,Cafe @ 49,NSW,,-33.8701201,151.12246
11186649476,Funk Coffee + Food,SA,,-34.9262581,138.6080532
1906167071,ST. Ali,VIC,,-37.8313001,144.9603137
13010526852,Good Bean,VIC,,-37.8105498,144.958915
12696239599,Jacyee's,VIC,,-36.0104178,146.0042392
13007815480,Cohort,NSW,,-33.8250791,151.1985726
3754886037,C Coffee,SA,,-34.9259621,138.5179885
4518514046,Unnamed cafe 4518514046,QLD,,-23.3754388,150.511571
4398190892,Efsta's Lunch Bar,VIC,,-38.0339727,145.2017951
6191929788,Sandbox Cafe,NSW,,-31.4427599,152.9257624
8064250185,Sosta & Gusta Cafe,SA,,-34.8960646,138.6755177
1017446172,Woodside Green,VIC,,-37.8049081,144.9644892
8780486017,Pavé Cafe,SA,,-34.9214623,138.6339503
4895114939,Rock & Roll Coffee Company,NSW,,-28.5537367,153.5012645
4637113591,The Salty Beetroot,WA,,-32.0536951,115.7495387
1500998491,Mimi's Pizza,NSW,,-33.9484057,150.9535975
9897239925,McGinn's of Kenilworth,QLD,,-26.5956238,152.7272496
13358636429,Unnamed cafe 13358636429,NSW,,-33.6758284,151.3044541
10161084652,The Oaks Pantry,NSW,,-34.0798635,150.5701172
1370767228,la casa del cafe,NSW,,-33.7230182,150.6715402
4182706343,Jane&Co Cafe,VIC,,-37.823439,145.0353829
11862126588,Zarraffa's Coffee,QLD,,-28.1066667,153.4053518
12196238596,Sweet Rainbow Cafe,NSW,,-33.8952542,150.9382318
9435358109,Scala’s Cafe,NSW,,-33.8630605,151.0690933
12563759440,Cross Section,NSW,,-33.8785532,151.2264598
9311656491,Unnamed cafe 9311656491,QLD,,-28.1683756,153.5363912
11841088679,Cafe Bliss,QLD,,-23.37317,150.507884
12254063303,Sandstone Cafe,NSW,,-33.688949,151.2215093
615108291,Spokes Cafe,QLD,,-27.3718303,152.8857754
5905712358,The Coffee Nook on Swanson,NSW,,-33.9003013,151.1894033
12169665443,SoHo,SA,,-34.9385808,138.5384125
10700782375,Munkee Skins,NSW,,-32.5664976,151.165742
5960549357,Get Juiced,VIC,,-38.0330831,145.2648916
11404299548,Cafe on Main,NSW,,-32.4121406,152.2073663
10222713634,Choco Bean Cafe,VIC,,-37.9280653,145.2525698
13159274439,Smiley's Tuckshop,SA,,-34.9298426,138.5975818
11254565665,Short Black,NSW,,-34.6699952,150.8536683
12198415422,Vy Vy Cafe,NSW,,-33.8942737,150.9361152
600744652,Elsie's,NSW,,-33.7666975,150.6216533
12753866617,Nero Espresso Coffee,WA,,-31.952706,115.8556039
9858406512,The Cupcake Queens,VIC,,-37.8140211,144.9615058
5729656123,Café Berlin,NSW,,-33.8576881,151.1824411
2093506719,Beachfront Bar and Restaurant,QLD,,-21.0352,149.1649601
8717696698,Bellboy Cafe,VIC,,-37.7722836,144.9791799
5905864985,Long Track Pantry,NSW,,-34.8231728,148.3252651
13544598765,Blend Sixty-Six,NSW,,-32.2610486,148.6125927
7015911451,Chapter Five,NSW,,-33.8726306,151.2091185
1536222085,Holy Egg,QLD,,-27.9698519,153.4146515
11957652029,Gilbert,VIC,,-37.8001087,144.9595395
705828100,Frank's Social Club,QLD,,-27.4582822,152.9949851
12001835163,Leaf Cafe,NSW,,-33.8252549,151.0788015
10234991590,Gloria Jean's,VIC,,-37.9721042,145.0887139
6442387522,Chatime,NSW,,-33.9199149,151.2263232
9567299599,Happiness Cafe,NSW,,-33.9105415,151.2056583
2510877261,Unnamed cafe 2510877261,VIC,,-37.8789993,144.1783081
13420746353,Ciao Bella,NSW,,-33.73886,151.3032821
13758174301,H&A Coffeehouse,SA,,-34.9801582,138.5145359
12037283765,Community Coffee Duncraig,WA,,-31.8317173,115.7693431
4167042990,Plug Nickel,VIC,,-37.8051621,144.983949
5174209150,Leaf Cafe & Co,NSW,,-33.685734,150.9517973
7157856785,The Rogue & Rascal,SA,,-34.7201323,135.8574978
576878164,Cafe Vermeer,VIC,,-37.8757886,145.1275886
10705629008,Farmers Wife Harvest Cafe,VIC,,-38.3845369,142.2372764
13708127074,Sirens Bayside,QLD,,-19.2446701,146.7980852
13621727257,Unnamed cafe 13621727257,NSW,,-33.9656539,151.105758
8633756023,Agostina,NSW,,-31.4336739,152.9083271
11142676837,Gong Cha,VIC,,-37.8191306,145.1221486
12805312574,Leaf & Bean,WA,,-31.9206701,115.8375764
4959148761,Blue Room Cafe,QLD,,-27.4325733,153.5430635
2296810531,Saranti Cafe,VIC,,-37.8174027,144.9635
5203491723,Cabrito,NSW,,-33.8626413,151.2096218
1717885088,LouVe,WA,,-31.9548767,115.8531118
10575862599,Common Place Coffee Brewers,VIC,,-37.8151033,144.9541949
4784315622,Le Coin Bistro,QLD,,-27.4527225,153.0041323
13067888099,L'Incontro,SA,,-34.9233818,138.6040936
1815377157,Crystal Car Wash Cafe,NSW,,-33.7605564,151.2774569
4208843194,Piggery cafe,VIC,,-37.8754532,145.3552972
12810194924,Neville,NSW,,-33.3933017,151.3293248
10224669730,No Stress Cafe,VIC,,-37.886739,145.0221597
4907302781,Java Cafe,VIC,,-37.8160946,144.8908872
5826201279,Olive Tree Kafe & Bar,NSW,,-33.9518011,151.1356969
13469936738,D'lish,NSW,,-34.063672,151.1200242
10731800222,Charlie + Franks,NSW,,-33.837951,151.2088477
4184416833,Two Good Eggs Cafe,NSW,,-33.878627,151.211754
5243876824,Seasoning Cafe,VIC,,-37.9853004,145.2121885
1919595995,Ut Si Café,TAS,,-41.5767025,147.17405
5719707963,Pump Espresso,QLD,,-27.4958219,153.0894774
1785478296,Cattlemans Cafe,VIC,,-37.1464316,146.4491007
10127097926,Bitcoin Rocket Cafe,NSW,,-33.8923168,151.2013004
7965229193,Coffee Head Co.,QLD,,-27.477239,153.0155572
13724734800,gökotta KAFFE,VIC,,-37.8216276,144.9511189
1623585013,Stonewall Cafe,ACT,,-35.2790615,149.1243093
12697487939,Belle's Cafe,VIC,,-36.0117852,146.004723
2296798402,Mocan & Green Grout,ACT,,-35.284764,149.1249709
13443439836,TJ's,NSW,,-33.9656859,151.0890523
11296536769,Yellow Bernard,TAS,,-42.8831647,147.3273217
2868017532,Empire Cafe,NSW,,-33.904278,151.1436081
7118389135,Cafe On King,NSW,,-32.928578,151.7690552
11902421209,Balance & Blend Cafe,QLD,,-27.4948736,153.0596443
8855865524,Zucchero Caffé & Bar,NSW,,-33.8085938,151.1841215
1778674196,The Local Shed Cafe,NSW,,-33.6946583,150.9279505
12322561093,JJ's Cafe & Waffles,VIC,,-37.9189005,147.7203772
10590394411,Sidetracked coffee,NSW,,-32.099404,152.3763936
9072730029,Bean & The Barista,NSW,,-31.089896,150.9319487
3796152681,Boost Juice,NT,,-12.4636413,130.8402074
2701152560,Zarraffa's Coffee,QLD,,-19.3162026,146.8185533
9515567963,Gift & Homeware House,NSW,,-32.7534363,148.6488382
12548018916,Little Bandits Coffee & More,QLD,,-28.0098731,153.4095404
6690336856,one two one Organic Grocer,NSW,,-33.6990783,150.5677671
1266571187,Starbucks,NSW,,-33.8792881,151.2056916
2551144125,Ginger Browns,TAS,,-42.894626,147.3094211
3280746135,Gloria Jean's,WA,,-32.0730201,115.9253578
2433097995,Terrace Cafe Restaurant,NSW,,-33.8069649,151.0054399
6747648760,HCafe Schofields,NSW,,-33.7044151,150.8746464
4457594089,Blip Cafe,NSW,,-33.8864381,151.2583813
13110005501,Sweet Bones,ACT,,-35.2337007,149.0406131
8808000382,No Escape Cafe,WA,,-32.0549383,115.7529076
9962790240,CoCo Fresh Tea & Juice,VIC,,-37.817757,144.965861
5426386868,Marian Street Cafe,NSW,,-33.7665763,151.1610839
3677140315,Allpress Roastery,VIC,,-37.8065212,144.9891319
21293316,Michaels Cafe,QLD,,-27.1815044,151.2664442
10815638051,Merlo Coffee,QLD,,-28.0890067,153.4533631
6749497801,Malt & Honey,NSW,,-30.8845399,153.0397596
9943746843,TASPressos,QLD,,-27.55938,151.9765071
4066348917,CoCo Fresh Tea & Juice,VIC,,-37.9455314,145.0778941
424641563,Bookmark Cafe,WA,,-32.0055739,115.8946504
5545034009,Caffe Di Lido,VIC,,-37.8450082,144.9420751
2145854979,Gracy's Cafe,VIC,,-38.019949,145.0992943
13731479201,Deuces,NSW,,-33.872354,151.0944011
4030807085,Macchinetta,WA,,-31.9413268,115.9741372
7765400651,Antoine's Kitchen / Haven Cafe,NSW,,-33.8772517,151.1848301
13289876603,The Loaf,QLD,,-27.4100285,153.0084455
13823571150,Cafe Decjuba,VIC,,-37.8297991,144.9920969
7279398431,Gong Cha,NSW,,-34.4251352,150.8954369
6474578426,Parks Centre Cafe,WA,,-33.3594878,115.645205
11244848825,Espresso Room,ACT,,-35.1849115,149.1334925
6033562215,Ollie's Deli,VIC,,-37.7994805,144.8992995
12200759009,Unnamed cafe 12200759009,VIC,,-37.8342031,145.1250038
11461034169,Little Sparrow,VIC,,-37.8121952,144.9640014
433726291,The Jetty Cafe,ACT,,-35.2974266,149.1351749
10939105802,Boar Shed Cafe,TAS,,-43.0355407,147.0513893
9196920833,Unnamed cafe 9196920833,QLD,,-28.1671398,153.5317265
12117706179,Chatime,NSW,,-33.8749292,151.2069193
8329454355,CoCo Fresh Tea & Juice,NSW,,-33.9017259,151.2127545
8867014551,Summer Land Camels Homestead Cafe & Farm Store,QLD,,-27.7885923,152.6500675
1270080775,Country Cafe,NSW,,-33.4168921,149.5781235
2168254932,Margot,ACT,,-35.296513,149.1336172
6380617686,iv Coffee,NSW,,-34.7754919,150.6975188
10268723855,Unnamed cafe 10268723855,NSW,,-33.8243967,151.1920157
11158179764,Milkbar 73,NSW,,-32.0078055,151.9581247
11982204532,Wild Bean Cafe,QLD,,-23.5253043,148.1584436
4893575352,Boost Juice,WA,,-32.057782,115.8799626
12074853374,Little Mylk Bar - Tasty Vegan Streetfood,VIC,,-37.7970471,144.9617171
8861538743,Mures - Lower Deck,TAS,,-42.88228,147.3340117
5132022842,Bellissimo Coffee,QLD,,-27.4507497,153.0539417
11031466905,Gloria Jean's,NSW,,-33.871321,151.0325559
11917007194,Les Gourmandises,NSW,,-35.9113929,150.0837537
5152910194,Bar Merlo,QLD,,-27.47992,153.0208158
8642290817,The Gladstone Hub,NSW,,-31.0258672,152.946248
5110148984,Espresso Room,VIC,,-37.7677644,144.9993553
10250134541,exclusive car and cafe,NSW,,-33.7545514,150.7051387
13124457811,Hippy Tea House,NSW,,-33.6992452,150.5639529
6934435396,saltdish,WA,,-28.7715352,114.6111747
13149256449,Gong Cha,QLD,,-27.6059087,153.1110097
5376923828,Philippine Magic Cafe,WA,,-34.9764581,116.7307
9543860122,Cafe Lito,SA,,-37.378509,140.8371815
5118900046,Binary Cafe,NSW,,-33.7986013,151.1453247
4120754889,Bury Me Standing,TAS,,-42.8813997,147.3253476
5813439250,Wharf St Pantry,VIC,,-38.2648963,144.670188
13637319436,Wild Bean Cafe,QLD,,-23.1424723,150.7356162
13157815603,Two-Bit Villains,SA,,-34.9229101,138.6037986
4118936292,Olinda Cafe,VIC,,-37.8557375,145.3649085
730014021,La Trattoria,VIC,,-37.2726349,144.1097089
8260806016,Gloria Jean's,QLD,,-28.0164413,153.3738028
11521140184,Degani,VIC,,-37.6000793,145.0947115
10072473671,Tea For U,WA,,-31.9672796,115.9334453
8654747382,The Asylum Café,TAS,,-43.1488396,147.8476441
6287426615,Burraneer Bakery & Deli,NSW,,-34.0547963,151.1399109
12685925772,Starbucks,VIC,,-37.6878328,144.6050205
5272979421,Little Fletcher,VIC,,-37.7553644,144.9196147
2264513052,Waikerie Cafe,SA,,-34.1806523,139.9853627
5967714788,Websters Market & Cafe,VIC,,-37.5568362,143.84985
11202451691,Le Cafe,VIC,,-38.47659,145.9454536
6124860192,Code 21,VIC,,-37.7786686,144.9761618
9302551696,Portal Cafe,QLD,,-27.61357,153.1202947
12150899995,The Original Pancake Kitchen,SA,,-35.0137983,138.5432262
9109742201,Bridies,VIC,,-37.6744112,145.1579601
1875351999,Unnamed cafe 1875351999,NSW,,-32.9644908,151.6042007
1918151498,Ali's Asian Café,TAS,,-41.4375169,147.1370373
10678233906,Unnamed cafe 10678233906,WA,,-32.1468643,115.9624214
3750001565,Ruins Cafe,NSW,,-31.4574852,152.8752378
13812390104,Cafe T.A.N.K,NSW,,-33.8556533,151.1519496
4760950821,Chill,QLD,,-19.5753759,147.405642
10164791119,Zarraffa's Coffee,QLD,,-27.6689428,153.1254566
13684136902,Hen House,QLD,,-27.5629836,152.4239286
12624523322,The Hive cafe,NSW,,-32.8946285,151.6995654
13760080181,Cafe Matto,VIC,,-37.7560426,145.0657403
542897398,Thynne Road Deli & Cafe,QLD,,-27.4689874,153.0699976
12083003708,Johnny Come Lately,SA,,-34.9255043,138.6005561
13232032979,Geláre,WA,,-32.0197017,115.9383166
12926918725,Grafton St.,WA,,-31.7855256,115.7353548
9574274562,Thirty four cafe & restaurant,NSW,,-35.3524039,149.2340769
11625051069,Fundamental Espresso,TAS,,-41.1793989,146.3598545
12882655698,CM & Co,VIC,,-37.8099978,144.970635
9424240541,The Lott Cafe,QLD,,-28.0651638,153.4045641
12164647616,Mikro Coffee Roasters,VIC,,-38.3280673,144.316723
493891480,La'Affogato Cafe,VIC,,-37.7903383,145.1701303
5106586745,Botanic Gardens Cafe,QLD,,-15.4713331,145.2585095
5429097866,schmokin',NSW,,-34.4907352,150.3334003
7639917478,Rocks Cafe Griffin,QLD,,-27.2772491,153.041258
11986695384,Cherry Bean Cafe,ACT,,-35.4039885,149.0981409
4769522644,6 Shooter Cafe,NSW,,-34.0169747,151.0119328
4607581349,Waterfalls Cafe and Gallery,TAS,,-42.6818788,146.7162173
3406567296,Ruby's Takeaway Cafe,VIC,,-36.5597223,146.7247305
10271974081,Machi machi,VIC,,-37.8765231,145.0420538
5977220537,b3 Coffee,SA,,-35.0197295,138.616477
13072264561,Piccolo Mondo Cafe,ACT,,-35.3446924,149.0862099
1928482933,The Coffee Pozzee,QLD,,-25.511524,152.0465666
13208254076,Jamaica Blue,WA,,-32.0180983,115.9382562
12014477656,Gong Cha,NSW,,-33.8686644,151.195586
2009776380,The Cafe at CLARENDON,TAS,,-41.6316649,147.2825578
10230198524,The Milkman’s Daughter,QLD,,-28.0495384,153.4366479
2164893473,Unnamed cafe 2164893473,QLD,,-16.8197595,145.6940797
1455649563,Bakery & Cafe,VIC,,-37.7049915,144.9896349
5319739163,Little Boho Cafe,QLD,,-28.07716,153.4434631
11470906680,Godfrey and Bear,VIC,,-36.1167688,143.7240531
5526424693,Combi,NSW,,-28.6435852,153.6138151
13472767902,Unnamed cafe 13472767902,NSW,,-32.1391168,150.3553475
12893814099,Utopia Cafe,QLD,,-26.5398238,151.8392242
4546122589,Lara's,NSW,,-33.9248253,150.9263851
11474771569,The Coffee Club,VIC,,-37.8830619,144.7356343
1822558967,Unnamed cafe 1822558967,VIC,,-37.4699461,144.3071916
296111106,Kinky Lizard,WA,,-32.0123732,115.8489428
6104434585,Island Beehive,SA,,-35.6544841,137.6222677
21321517,Linrose Cottage Coffee House,QLD,,-27.5858851,151.9786106
2271271839,Brambuk Cafe,VIC,,-37.1574088,142.5303765
4787297122,Detour expresso bar,NSW,,-33.8747674,151.2184202
10983575365,Pronto,WA,,-31.933498,115.961151
977100621,Ray's Cafe,VIC,,-37.7670256,144.9610752
13812390105,Cafe @ The Round,NSW,,-33.8557423,151.1521678
5452341500,Frank & Ginger Cafe,VIC,,-37.8640163,145.0104403
3003994253,Common Grounds,VIC,,-36.1225348,146.8882919
614563031,Allpress Espresso,NSW,,-33.9103185,151.2047331
4483303390,Bellagio Cafe,NSW,,-33.9026121,151.2548376
4810858024,Suzie Q Coffee & Records,NSW,,-33.8847353,151.2174817
8708141845,Cafe 22,QLD,,-28.5854957,148.2258004
1196633710,Cherish Cafe,NSW,,-33.9947421,151.1398808
8377234945,Dandy,NSW,,-33.7655506,151.2502356
9816147238,Tropical Splash,QLD,,-27.66901,153.1379904
11296845989,The Penny Drop,VIC,,-37.8175676,145.1221178
7183896550,Platform T8,NSW,,-33.7493434,150.6970427
12922570098,7th & Bake Patisserie Cafe,ACT,,-35.3133497,149.1470951
8150461186,Lovett at Kalbar,QLD,,-27.9385474,152.6240075
13613761001,Chef's Garden,NSW,,-33.5091541,151.3692551
9393671434,Zarraffa's Coffee,QLD,,-28.0849681,153.3916924
9083541757,Carpenter's Garden,QLD,,-27.2931212,152.9527567
13247091992,Expresso by UQU,QLD,,-27.4975076,153.0156573
12419667045,"""The General Cafe, Altona North""",VIC,,-37.8347238,144.8398631
9928377976,cakeandcoffeeco,WA,,-31.9479761,115.8221764
1777488218,Coffee Club,QLD,,-27.5605696,151.9513904
12247580258,Merchants of Ultimo,NSW,,-33.8837186,151.1948212
6968130710,N'Joy Cafe on Cumberland,VIC,,-37.7319527,144.9385237
4041048206,Chacha,VIC,,-37.9497373,145.1515767
694983680,Miss Ella Coffee Shop,VIC,,-37.834941,144.973595
9843343165,Unwind on Wray,WA,,-32.0599853,115.7521895
9797563850,Sparrow + Finch,QLD,,-27.4665979,153.0277371
10196648819,Hunter Belle Cheese Room,NSW,,-32.7600278,151.2535081
13382983466,Centro Cafe Canberra,ACT,,-35.2802318,149.1326964
13124266859,McCafé,NSW,,-33.869564,151.1146069
735998275,Cafe Choclat,QLD,,-27.8516602,153.3000024
2968219138,The Pantry On Cairns,QLD,,-27.6762832,153.1881801
2886389520,Daisy's Milk Bar,NSW,,-33.8959006,151.1572434
4959506928,Yo Chi,VIC,,-37.8686527,144.9939283
5279519393,Bridestowe Café,TAS,,-41.1300598,147.3417838
4938372007,Rio Express,VIC,,-37.755847,144.9944288
3868901577,Mint Road,ACT,,-35.332881,149.1536912
13149066603,Gathering Spot Cafe,QLD,,-27.596724,153.1246917
9884188582,Au79,VIC,,-37.8179956,144.9990814
4283278953,Unnamed cafe 4283278953,VIC,,-37.8253856,145.2800958
8729873136,The Coffee House - at Parkview,NSW,,-32.5906749,149.5833702
10248551785,Naomi's,WA,,-30.364625,117.118307
8462984358,Kafeneio,NSW,,-33.8146689,151.0095407
12771587983,JC's Cotton Cafe & Takeaway,NSW,,-31.7034184,147.8388655
11763285413,Three Squares,VIC,,-37.8089766,144.9605337
10950825790,Cafe Hunters Hill,NSW,,-33.8340153,151.1449577
493891516,Dolce Mio Pasticceria & Gelateria,VIC,,-37.7917173,145.1698554
10660028580,Cafe 48,WA,,-33.57024,115.8237827
12989293277,The Sconery,NSW,,-33.8874975,151.1968641
11411754260,Starbucks,VIC,,-37.8100151,144.9636114
3592199743,Kin,NSW,,-33.7792164,151.1158428
7244201679,Coffee Rush,VIC,,-37.8153071,144.9522179
8256436248,Maleny Dairies Milkbar,QLD,,-26.7722486,152.8590081
12747788514,Chatime,VIC,,-37.6990922,144.7758829
7100701591,Witches Brew,VIC,,-37.0527762,146.0911825
1826053360,Two Cracks Coffee,WA,,-33.8508356,115.102759
1812360861,Bullrun,VIC,,-37.8154491,144.9707961
3449965545,Cafe Sisily,QLD,,-26.8211269,153.1199489
5632636257,Unnamed cafe 5632636257,NSW,,-34.5635166,150.8189043
9109759030,Boost Juice,QLD,,-26.7139288,153.0710168
8247424771,Gloria Jean's,NSW,,-32.2499663,148.5998981
12920467389,Eats,QLD,,-26.7019675,153.1312146
6117256572,Capulus & Co,VIC,,-37.7774104,144.9599316
5195047621,Ciel,VIC,,-37.8293898,144.955495
12050680501,Wagtails,WA,,-31.975862,115.8538907
2881801312,Officer Coffee,VIC,,-37.7389806,144.9695094
9090125614,Boost Juice,QLD,,-27.4488838,153.0263907
6267321176,Gloria Jean's,NT,,-12.471304,130.9828415
4271393510,B&Baguette Cafe,VIC,,-37.8151693,144.9592869
9156859646,Unnamed cafe 9156859646,VIC,,-37.8468866,144.9789382
4628785250,Morganics East Gippsland,VIC,,-37.7083861,148.4545404
9482469966,The Alley Jiaoxiang,NSW,,-33.9195934,151.032744
11133365336,Briquettes Cafe,VIC,,-37.7995015,145.0507874
13542001580,The Village Green,SA,,-34.9382486,138.6432047
9921627776,Kenny's Pork Rolls,NSW,,-33.8801742,151.2160586
11532871031,Eddys Garage,VIC,,-36.8867555,143.8637597
5875641864,Unnamed cafe 5875641864,NSW,,-33.9977683,150.8651288
1818522139,Sixty 2 Degrees,VIC,,-37.8247986,147.6312134
13568659125,Daily Dose,NSW,,-33.9114999,151.1410013
8317957646,Cafe Escape,NSW,,-33.3422812,151.4975928
2150328691,Villino,TAS,,-42.8813729,147.3256846
610572688,Perfect Choice,VIC,,-37.8913487,145.1427666
6131805248,Euro Grill,QLD,,-28.0998845,153.4251297
13718108216,The Naked Bean Café,WA,,-35.017175,117.8928675
4295449021,The Corner,ACT,,-35.3118849,149.1297947
5255722417,Kiosk Cafe,VIC,,-37.9491054,145.1530334
9632543253,Tower 28 Cafe,QLD,,-28.0298418,153.4350579
9903869313,The Pantry,NSW,,-31.0843493,150.8482601
5342489778,Wild Patch Cafe,NSW,,-34.6721822,150.8565161
13797933689,Espresso Moriello,WA,,-32.0356784,115.9279366
11905521394,House of Humanity,QLD,,-27.4672907,153.0277342
13792770198,The Coffee Club,QLD,,-28.0980298,153.4405619
3780690075,Kitchen 2C,SA,,-35.030045,138.810326
5319583122,Burnt Orange,NSW,,-33.8286074,151.2599237
8862587313,Coffee Shop Snack Bar,QLD,,-20.657189,141.7434976
4099025156,15 lbs Cafe,VIC,,-37.7795467,145.0171851
13372995794,Deli on Kinghorne,NSW,,-34.8755555,150.6030262
1918106079,Turkish Tukka,TAS,,-41.4358588,147.1403425
9687447580,Nine Canaries,NSW,,-36.0792405,146.9187156
4715645968,Juiced Cafe,SA,,-34.9460281,138.5036431
12067376596,Unnamed cafe 12067376596,ACT,,-35.3447777,149.1020214
13808321616,Presotea,WA,,-31.985023,115.9029552
2170430692,Carslaw Kitchen,NSW,,-33.8882383,151.190481
5240324527,Mxpresso Cafe,NSW,,-33.9244504,151.1892166
3827953557,Zarraffa's Coffe,QLD,,-27.9251952,153.336766
2467962938,Six Willows,WA,,-32.0498091,115.8985625
8280034876,Isabella Cafe,NSW,,-33.8202303,151.1915609
4330638693,Mama Coco,QLD,,-16.9295407,145.7579304
12637899096,7 Miles / Chubby Cat Cafe,NSW,,-35.0696729,149.6553048
11106001911,Laneway Espresso,VIC,,-38.3317766,144.9671469
12348261309,Leaping Goat Coffee,TAS,,-41.2076049,146.3426292
11831943936,Amante & Co Coffee,WA,,-32.0624524,115.7520732
4787925436,Unnamed cafe 4787925436,VIC,,-37.668405,144.8459907
7090154879,River Cafe,NSW,,-29.4562631,153.1970274
4065921183,Johnny Dante,VIC,,-37.9668485,145.055263
6448989461,Gia Cafe & Bistro,NSW,,-33.7139681,150.3304886
11951227742,Chatime,WA,,-32.4704601,115.76038
13712972704,Rosso Coffee,VIC,,-37.8181677,144.9578372
7829064630,Beck’s Little Cafe,NSW,,-33.286206,148.7406755
11019017997,Dawson Highway Cafe & Indian Cuisine,QLD,,-24.5679918,149.9736646
4663024142,Cafe on Uduc,WA,,-33.0802293,115.8941429
440549321,Harvest Blend,VIC,,-37.8500604,145.0939644
13192117716,Heritage Cafe,ACT,,-35.3023854,149.1265067
12141314575,Hooper Coffee House,QLD,,-27.5665409,151.956027
9034130600,Mister Bean Cafe,NSW,,-33.9405039,151.2394285
13660319742,The Busy Bee Cafe,NSW,,-29.4295126,147.9801556
5265144612,The Charles Corner,NSW,,-33.9123028,151.1186091
7856600653,Francis Winifred Cafe And Store,VIC,,-37.7186308,144.9129151
2355622330,Cavallini,VIC,,-37.7880728,144.9914462
6768328009,Community Grounds,QLD,,-27.6305074,152.3938841
11505500955,Third Wheel,WA,,-32.0737911,115.7532877
12856750272,Aloomba Lavender,NSW,,-28.6186325,152.0965756
2362684186,Fancy Pantry,VIC,,-37.856186,145.019862
6634902981,Dish Cafe,NSW,,-32.9984501,148.2625176
12900419408,Viet Food Pastry Cafe,QLD,,-25.6237557,151.6070381
6108173190,Coffee Institute,SA,,-34.8962732,138.6162047
2394661121,Pawpaw,QLD,,-27.4870653,153.0409908
13688325077,Funk,SA,,-34.9294118,138.6010908
6615896331,Canberra Cafe and Burgers,ACT,,-35.2384728,149.0709743
11060843485,Wendy's Milk Bar,SA,,-34.7195244,135.8571572
7646359995,Zarraffa's Coffee,QLD,,-27.6715547,152.8956666
3305293735,Unnamed cafe 3305293735,NSW,,-35.1945693,150.5595248
12606433942,Terrigal Surf Café,NSW,,-33.4461854,151.444298
4970388922,Nodo Donuts Newstead,QLD,,-27.4542127,153.040665
4547386189,Morris,NSW,,-33.8845475,151.2196762
1069990741,Museum Cafe,VIC,,-37.803693,144.972686
4757419322,La Petite Crêperie,VIC,,-37.8138954,144.9615104
4058762731,ESPL Coffee,QLD,,-28.0016964,153.43089
12452537801,The Meating House,VIC,,-37.9166715,145.1507517
13599844601,Cafe Expresso,NSW,,-33.4382315,151.3541794
5860951909,Chatime,NSW,,-33.8781548,151.2041282
1912355212,Coffee Republic,TAS,,-41.4380113,147.137932
10563716515,Peter Rabbit,SA,,-34.9232196,138.5902291
13341083238,The Coffee House,NSW,,-33.9702182,151.1157348
7748173442,Unnamed cafe 7748173442,NSW,,-33.7918732,151.2738377
13744161401,Heart & Soul Wholefood Cafe,NSW,,-29.6882042,152.9360602
6447045059,Little Woodpecker,VIC,,-37.8037108,145.1473883
604178933,Emporium Seven,VIC,,-37.9003097,145.1435948
6202140707,Timboon Provedore,VIC,,-38.4843787,142.9803255
8493648719,Snapper and Co,ACT,,-35.2991189,149.1172731
2623029289,Unnamed cafe 2623029289,NSW,,-30.8181317,152.5085813
1768449468,Unnamed cafe 1768449468,QLD,,-27.465356,151.9758511
10593116275,Oh Happy Day,VIC,,-37.9114397,144.7716835
12254015072,Gong Cha,QLD,,-27.6078681,152.7578574
13097349415,Gus' Coffee,QLD,,-23.1397643,150.7431964
13694082803,Neighbours,NSW,,-33.3578863,151.4857374
5110562424,The Shop & Wine Bar,NSW,,-33.8871741,151.2718017
4752114594,Ziva,QLD,,-16.4816306,145.4634622
8835543089,Cafe 63,QLD,,-27.6414035,152.8472363
6389654914,Tesoro,VIC,,-37.7920333,145.0936158
6324424603,Caffeine Bistro,VIC,,-37.0249531,145.1351528
9793980117,Little French Nest,WA,,-32.0521608,115.7491732
11860966673,Espresso Garage,QLD,,-27.4796902,153.0226408
5218814278,Alma,NSW,,-33.8748012,151.202635
7469364187,Neptune's Cafe,WA,,-31.4953764,115.5842347
12298079221,Katie's Koffee and Cake,VIC,,-38.1847574,145.0896637
13204082569,Gong Cha,VIC,,-37.8201882,145.0359641
10747080705,Le Bajo Milkbar,VIC,,-37.8050387,144.9540536
10708268947,Discovery Cafe,NSW,,-34.6400474,143.5647372
3085485267,Unnamed cafe 3085485267,QLD,,-23.1285778,150.7450168
324523639,Lee's Cafe,VIC,,-37.7327976,144.8558487
993414145,Cooranbong Corner Cafe & Bakehouse,NSW,,-33.0765765,151.4535123
2887112102,Colour Purple,WA,,-35.0207797,117.9054611
1950231964,Sugardough,VIC,,-37.7730805,144.9713047
5251732422,Ruby Lane,NSW,,-33.7884128,151.28482
10566599043,Unnamed cafe 10566599043,VIC,,-37.8368963,144.9752123
11245064030,Love & Latte,WA,,-31.9805517,115.8625164
1454965699,Spill The Beans,SA,,-34.9472809,138.6517759
9931139336,Café Buzz,NSW,,-31.4307086,152.9088039
6395586086,Pablo & Rusty's,NSW,,-33.8724803,151.2091155
13286359594,Macri's by Chillion,NSW,,-33.7859847,151.0622651
325458058,Pool Coffee Eatery,NSW,,-33.9429189,151.2621377
1648316528,Zupano,NSW,,-33.8567538,151.2039495
3739779225,Market on Maxwell,SA,,-34.9797422,138.5287896
5263274129,Cafe Omnia,VIC,,-37.8900237,145.0681408
12816768804,Liv Eat Green,VIC,,-37.6689621,144.850601
1277993701,The Berry Farm,WA,,-34.004877,115.2081202
13274843862,Margi,NSW,,-33.8945189,151.2263824
9896402923,Little Nook Cafe,WA,,-31.9181466,116.078708
6818819041,Wirruwana Hub,WA,,-26.0020394,113.1979018
6631114884,Ebden & Olive Cafe,NSW,,-36.0895929,146.9167984
1305390690,Artichoke and Whitebait,VIC,,-37.9119072,145.1328326
1845315315,Lake Parramatta Cafe,NSW,,-33.791489,151.007385
10930812226,Boost Juice,NSW,,-33.7036805,151.1010561
9121569256,Thyme to Taste,NSW,,-34.8408476,148.9103215
1833201916,Chambers Coffee,NSW,,-33.8814129,151.2008939
1266347151,The Birdcage Cafe,WA,,-33.3366597,115.6605592
12248060246,Ampersand Coffee and Food,VIC,,-37.754549,145.0011357
9006272218,Pear Tree Wholefoods,NSW,,-33.4173437,149.582009
2212618645,Coffers,ACT,,-35.2986275,149.1286634
3500206160,Latte Da,VIC,,-37.8322082,145.0562552
3114400935,The Boatshed Cafe & Bar,NSW,,-33.7169617,151.2958617
7118329288,Bean Drifting,WA,,-27.7337548,114.1519088
4702454529,Boulevard Cafe,VIC,,-37.8406773,145.2823792
8699896561,Coffee House Cafe,NSW,,-33.8142608,151.0072595
6929398204,Saint Larry Café,WA,,-31.9551892,115.8611121
1514732869,Punch Bowl,VIC,,-37.829828,144.93597
12841032699,San Churro,WA,,-31.6897892,115.7180129
585074773,Flute,QLD,,-27.5065792,153.063558
6117595898,Cafe Dockside,QLD,,-27.472017,153.0369934
12335723451,Dante's Deli,SA,,-34.9808315,138.5139798
4522485414,Benny,QLD,,-28.0310425,153.3896604
8395667217,Gloria Jean's,SA,,-34.9217861,138.6007449
1723528651,Unnamed cafe 1723528651,WA,,-31.8967428,115.8279384
5099664899,Lunch Hour Cafe,VIC,,-37.9385687,145.1228766
9685224552,Pie Face,QLD,,-27.9569189,153.3804932
12062238448,Jindebah,ACT,,-35.4151729,149.0684283
8610429732,Unnamed cafe 8610429732,QLD,,-18.147435,144.3180414
11507533164,Caffe Cherry Beans,ACT,,-35.3363472,149.1775558
1612935581,East Mediterranean Eatery,SA,,-34.9255242,138.6023803
11763285411,Gong Cha,VIC,,-37.8088405,144.9604687
9420336204,Get Chunky,WA,,-32.0546927,115.7485207
8105836631,Cafe 506,NSW,,-33.9135952,151.2010531
11363387684,Café,VIC,,-37.9266383,145.3499653
11964129511,The Shack,QLD,,-17.8977853,146.0922777
2583177714,Lobee's Cafe and Takeaway,SA,,-34.9030909,138.874656
2822052366,Karoonda Park,VIC,,-37.2216017,148.2641161
778187414,Avanti Cafe and Pasta,QLD,,-27.4579275,152.9868195
1312012700,Cibo Espresso,SA,,-34.980085,138.5121588
3721148445,Cafe Krifi,VIC,,-37.8132903,145.011867
13545171077,The Coffee Pantry,NSW,,-31.823746,149.7203621
10866461273,Coffee +Art,WA,,-32.054891,115.743566
9196936717,Bishop St Cafe & Kitchen,WA,,-31.9441133,115.8124747
3953109459,Teahouse @ gbg,VIC,,-38.1499134,144.3772495
9049496926,Rubiki,VIC,,-37.7946022,145.2363193
12634794770,Farm and Fable,NSW,,-33.8938365,148.1595024
5403109324,Café de O'le,QLD,,-27.9362838,153.3975102
2435140156,Ricca Coffee Company,SA,,-34.9134342,138.5723771
3909127659,Top End,VIC,,-38.225896,145.0428736
5110738824,Pavilion Cafe & Bar,VIC,,-38.4014638,142.4753559
10571683814,Bar Stranger,NSW,,-33.8787173,151.2261996
6690336853,Finn & Co. Cafe,NSW,,-33.6990794,150.5682131
9177337317,Ground N Sound,QLD,,-27.9563612,153.4020291
2705143752,Degani,QLD,,-23.3340704,150.5205459
2495730333,East Side Story,VIC,,-37.80846,144.974797
9348393219,Magic Hand Car Wash,VIC,,-37.8293008,145.2446795
10684251631,Eucla Motel,WA,,-31.6770871,128.8839508
8086569172,Picco Leo,NSW,,-33.8668363,151.2077305
1837092954,Deja Vu Cafe,WA,,-34.2415853,116.1461029
12248060254,Unnamed cafe 12248060254,VIC,,-37.7553248,145.0010051
6043558781,Goodfields Eatery,NSW,,-33.7747542,151.1693551
13505963543,Unnamed cafe 13505963543,NSW,,-33.7181779,151.1167065
2092044001,Muma'z Cafe,QLD,,-27.5521026,153.2580919
7138686874,CoCo Fresh Tea & Juice,SA,,-34.9799112,138.5117357
10692227453,San Churro,VIC,,-37.8691341,145.2422741
11115732065,2b Nourished,SA,,-34.3405484,138.9157456
8879747127,Unnamed cafe 8879747127,WA,,-32.0680305,115.7745045
10172688041,Acai Brothers,QLD,,-27.5856922,153.2826931
7115367896,Burwood Bench,NSW,,-32.9270241,151.7743079
5954429289,Beans & Sweets,VIC,,-37.7303478,144.9718282
13164836801,Caffe & Co,NSW,,-33.999148,150.7408033
12581362172,The Pool Cafe,QLD,,-26.5022364,153.0745134
5999557032,Granata's,NSW,,-33.8219576,150.9211671
4596294901,Jamaica Blue,WA,,-32.0394958,115.9048459
5824764104,Kent's,VIC,,-37.7822191,144.8340269
1991893499,Loz's Cafe - Appears Closed,NSW,,-32.9002291,144.300618
5253142202,Canungra Pizza & Pasta,QLD,,-28.0167452,153.1633716
10272550406,The Old Ute Cafe,WA,,-29.8809981,116.0238447
12295752414,Ferry Cafe,VIC,,-37.9185252,147.7252285
6471255163,Fuel espresso,NSW,,-33.7629821,151.2718568
11863490336,Muffin Break,QLD,,-27.5010216,152.972665
5299091794,Corelli's,NSW,,-33.8987548,151.1781517
5359966758,Cool Mac,NSW,,-33.8461038,151.2133916
6904026386,Java Jive Café,NSW,,-33.7726694,151.0823076
5639617827,Unnamed cafe 5639617827,NSW,,-33.9226514,150.9278677
1991855022,Ferrymans Seafood Cafe,VIC,,-37.8820272,147.9816971
9252167946,cafe Doonan,QLD,,-26.4519521,153.0158435
13366336285,Pattinsons,NSW,,-33.7662729,151.2648766
3141056944,Cunnamulla Coffee Shop,QLD,,-28.068752,145.6827784
3785431958,Suanie's Cafe & Kitchen,SA,,-34.8389314,138.4852005
13230396712,Good Brew Drive Thru Sale,VIC,,-38.1012272,147.0681746
2120443436,Growers Espresso,VIC,,-37.7798998,144.9869273
7619112768,Rosie's Cafe and Bar,ACT,,-35.2088884,149.0739483
2521550513,Drift Cafe,NSW,,-32.3478425,152.5361798
12591613146,Two.H,NSW,,-33.8328281,151.1854098
3935313271,Zubi Bar,NSW,,-33.7060408,151.3037369
11144784535,Timmy's Cafe,QLD,,-10.904149,142.3299908
7750285508,Four Espresso,NSW,,-31.4288439,152.91104
12730439212,Mog's Cafe,SA,,-33.682884,138.9373319
9501905717,Smoults Larder,WA,,-31.9285721,115.8923121
12886607236,Jules,NSW,,-33.813293,151.169774
13093322937,NRMA Airlie Beach Cafe,QLD,,-20.2751018,148.7027986
34051906,Roy's on Melville,VIC,,-37.7645062,144.9437038
4365710498,Short Street Store,NSW,,-32.2520846,148.6141016
762745941,Girdlers,NSW,,-33.7547785,151.2961896
1240783219,The Boathouse Cafe,VIC,,-37.3478628,144.1371111
12088060019,Delight Sandwich Bar,ACT,,-35.3650204,149.0945095
2623007907,Unnamed cafe 2623007907,VIC,,-37.7592139,145.0211822
4550729278,English Country Gardens,QLD,,-28.2245802,153.2846739
5733427721,Havn,QLD,,-27.1221028,152.9961961
6460201221,Sweet Hazel Cafe,NSW,,-33.7215735,150.4531242
436781735,Cranked,WA,,-31.938233,115.8415253
10839030156,Willow Bend,SA,,-34.8967578,138.5653055
6693560639,Lonsdale Street Larder,VIC,,-37.8094748,144.9711439
5705171821,Butcher Bakery,NSW,,-28.6863943,153.5240353
9349890076,Tell Henry,SA,,-34.9205751,138.6178618
13014844028,Unnamed cafe 13014844028,WA,,-31.948033,115.8241748
936414457,Kings Lane Sandwiches,NSW,,-33.8778924,151.2167772
2759995335,ZINC,NSW,,-33.8699154,151.2252697
434292590,Fortitude Coffee Roasters,QLD,,-27.4547133,153.0117259
5274784829,Tailored,VIC,,-37.8854254,145.0575412
2898777711,Bennett Street Dairy,NSW,,-33.8935754,151.2606429
2629395265,River Rock Cafe,NSW,,-36.4226073,150.0645839
3779112329,The Gallery Cafe,QLD,,-27.9210484,153.2004461
12474223323,Zimt,VIC,,-37.8227863,145.0980296
13619184884,Tea Bag,VIC,,-37.5793245,144.7288713
5614981144,Cortado,NSW,,-33.7203823,150.4289332
6968130712,Anthropology Specialty Coffee and Concept Store,VIC,,-37.7315429,144.9377482
7562975530,Beans On Pratt,VIC,,-37.7677567,144.9220249
13809775894,Cibatta,NSW,,-33.8381429,151.2080638
12896499190,Holi Crop,NSW,,-33.7323215,151.1292842
1789508092,Creekers Cafe,VIC,,-37.2646418,147.7227315
8379754680,Pivi's Cafe,NSW,,-32.9054504,151.6730114
4631037976,Health Studio and Backyard Cafe,VIC,,-37.8015916,144.9661084
3983480757,Cafe Box,VIC,,-37.813,144.967947
9435358106,Banana Hall Cafe,NSW,,-33.864406,151.0732413
11834499015,Albatross,VIC,,-37.7640315,144.9729162
4945321162,Two Birds One Stone,VIC,,-37.8380714,144.9939255
4507511748,Adamstown Hot Bread Shop,NSW,,-32.9343786,151.7259992
13789122317,The Simple Foodie,VIC,,-37.8215274,144.9548675
13733635154,Iconic Cafe,NSW,,-33.8176734,151.0014217
13412467945,Ickle Coffee Roasters,NSW,,-33.941687,151.1011544
4481010088,SushiQ,QLD,,-27.4782138,153.0293867
1612632841,Suspension Espresso,NSW,,-32.9172505,151.7491889
4553095586,Andiamo Street Kitchen,VIC,,-36.1199642,146.8868727
10209546944,Tori’s,VIC,,-37.8129514,144.9614331
4607530891,Unnamed cafe 4607530891,VIC,,-37.8940166,145.0207864
4071110785,Tonic Espresso,ACT,,-35.2775939,149.1304566
9900773825,Romeo's Pie cafe,NSW,,-33.8230007,151.1940671
7824469044,Bill's Beans,NSW,,-33.2850112,149.108296
6900180527,Chase Chocolate Notes,SA,,-34.9522594,138.8752778
4725357781,Homestead Brewery,WA,,-31.8680733,115.9950618
7021421285,Kepos Street Kitchen,NSW,,-33.896813,151.2126801
8625538431,Coolabah Tree Cafe,QLD,,-27.1240743,152.976109
2785453643,Unnamed cafe 2785453643,ACT,,-35.2994606,149.0696306
5898069425,Polo,QLD,,-27.4717745,153.0047964
11002955706,El Mirage,VIC,,-37.7676444,144.9721856
4459839994,Gloria Jean's,QLD,,-27.3828707,153.0315541
2365320873,Cheeky Chinos,WA,,-31.8862443,115.8088964
11018975179,Commune,SA,,-34.8885987,138.513598
12624593145,Four Cats Coffee,NSW,,-32.5515099,148.942021
10968689159,Chatime,VIC,,-38.1478636,144.3606877
11469973119,Fork & Spoon,NSW,,-33.8205111,151.0899522
6514799466,Boost Juice,NSW,,-33.7958732,151.1848923
7132672806,Shamble Coffee Brewers,VIC,,-37.8161818,144.9606255
9687928982,Neda Cake Café,VIC,,-37.7314255,145.1353538
674021892,Cafe Va Bene,SA,,-34.8770574,138.6652732
9507679646,Unnamed cafe 9507679646,NSW,,-33.81021,151.2077951
4470078960,Mooreish & Co.,WA,,-33.9602418,116.1366417
11092759427,4 Brothers Cafe,NSW,,-34.4791992,150.4180708
954674305,The Blue Olive,ACT,,-35.2784703,149.1281444
3090580869,Star Cresent Cafe,VIC,,-38.0154666,145.2696286
11829863027,Baker's Cut,ACT,,-35.3072929,149.190352
5529893135,Trevs @ Dickson Cafe,ACT,,-35.2499972,149.1357279
4546305891,Cafe Twenty3,NSW,,-33.917078,150.9250268
6261169684,Toby's Estate,NSW,,-33.8653305,151.2024524
3780690065,Evercream Icecreamery,SA,,-35.0316855,138.8114865
5872679552,Ferguson Plarre,VIC,,-37.593763,145.0898843
5207747829,Duke & Co.,NSW,,-35.3167125,150.4355217
4873406502,Mount Burr General Store,SA,,-37.5414183,140.4559796
6089423785,Shibui Dessert Bar,SA,,-34.9288068,138.5932014
3641965395,Windmill Cafe Bargara,QLD,,-24.8153363,152.4639534
4194557580,Babycino on Main,VIC,,-37.8839066,144.7353957
2753208321,Amici di Kogarah,NSW,,-33.9650418,151.1335595
11824316347,Arctic White,NSW,,-33.8747859,151.206069
9435358105,Sydney Markets Plaza Cafe,NSW,,-33.8600576,151.0710094
1833251518,Fish Market Cafe,NSW,,-33.8719136,151.1924648
6201562041,Belliful of Bliss,VIC,,-37.9089005,145.3567666
11162131785,The League Of Honest Coffee,VIC,,-37.807659,144.9559533
7774576990,Coffee @ 126,SA,,-34.5974958,138.7489796
11824311835,The Hardware Cafe Chatswood,NSW,,-33.7857688,151.1997764
4845552137,THE Boulevarde Cafe,VIC,,-37.9889807,145.1505573
4732038480,Moruya Health Food Store,NSW,,-35.9093478,150.0818147
11466788781,Code Black Coffee,VIC,,-37.8162463,144.9680692
7598367480,Unnamed cafe 7598367480,QLD,,-26.4073123,153.0980925
2322672502,The Bramble Patch,QLD,,-28.7462412,151.9056568
11458327842,The Store on Fredrick,WA,,-35.0263,117.8866571
12497796379,Unnamed cafe 12497796379,QLD,,-27.4771699,152.99761
10073918432,Piccolo Me,NSW,,-33.9037197,151.1903707
10710922694,Toby's Estate,NSW,,-33.9342637,151.1786299
10718125805,Otello,VIC,,-37.8383922,144.9900029
2523206327,Degani's,VIC,,-37.6530762,145.0168369
8946450951,Sampa,NSW,,-33.9299203,151.1525983
9051712533,Mean Beans,QLD,,-27.9703035,153.4144556
571316919,Unnamed cafe 571316919,VIC,,-37.8821158,144.9828431
9892655855,Sharetea,NSW,,-33.8759733,151.2061372
10914983305,The Port Hole Cafe,TAS,,-43.1622301,147.077757
11914712778,Out-of-the-Blue Cafe,QLD,,-12.5962933,143.4119646
5205362421,Little Vietnam Roll & Juice,NSW,,-33.9063444,151.181132
2130197725,Sandrock,VIC,,-37.793935,144.948979
5901653562,Micky's,NSW,,-33.8850806,151.2276406
12336571493,Lusinata,NSW,,-33.9674594,151.1068735
5518534539,Okie Dokie,QLD,,-27.5774232,153.0957452
6315227489,Swell Foods & Coastal Catering,VIC,,-38.3496242,144.2991963
11353513349,Asser House Cafe,NSW,,-32.0518579,150.8675425
11017076662,Jitters on Hay,WA,,-31.9469801,115.8317447
7844970384,Baffi & Mo Espresso,NSW,,-33.8928195,151.2049783
13132333433,Dôme,WA,,-31.8705194,115.8593582
10254148494,The Borrowed Table,NSW,,-33.7003289,150.9275824
9886808659,South Brew Cafe,VIC,,-38.1631701,145.9306883
12997955901,White Whale Coffee Roasters,QLD,,-16.9425333,145.7730217
4381808190,Sports Cafe,NSW,,-32.7424367,151.873066
1880400782,Degani,VIC,,-38.2451146,145.0468077
9459417417,Empire Cafe,WA,,-31.9815678,115.7821266
7684832496,Potter's Pantry Bundanoon,NSW,,-34.6560372,150.3007907
3510294868,Tide,QLD,,-27.4534362,153.1892938
8628619917,Robyn's Cafe,NSW,,-32.4122564,152.2102263
12264985405,Chatime,VIC,,-38.2189617,145.0397439
3909127686,Provincia,VIC,,-38.3113751,144.993291
2687918456,Bohemia,VIC,,-37.825298,145.080796
7829064649,Cordon Store,NSW,,-33.2868387,148.7382421
3390252741,Unnamed cafe 3390252741,NSW,,-33.9049347,151.2124499
3509259961,Max Brenner,QLD,,-28.0000465,153.4283399
12966078602,Awa French Crêperie,VIC,,-37.8021756,144.9779401
2118658963,The Butchers Cafe,NSW,,-33.7958388,151.2765545
9655372029,Hendy Town Cafe,NSW,,-34.1737294,142.1940615
8379989696,Unnamed cafe 8379989696,NSW,,-32.9282771,151.640835
8866874080,Rafter & Rose,QLD,,-27.6136322,152.757832
4337423824,Yod's Thai Cafe,WA,,-31.9381491,115.8576137
12488968093,The Coffee Club,VIC,,-37.6864068,144.5618445
9934850024,Cleaver Cafe,NSW,,-33.0141356,151.5972366
11842851396,9 Grams,VIC,,-38.2254194,144.3277079
12101732937,Picnic Point Cafe,QLD,,-27.5790044,151.9879819
12198320461,Coffeeism,VIC,,-37.8577669,144.8820796
10595716785,Mucho Love Cafe,QLD,,-16.9057033,145.7417045
4271579193,Mondo Nougat,WA,,-31.8373673,116.0169895
2377811084,Gundagai Bakehouse,NSW,,-35.0645177,148.1045786
8334234146,Modern China Tea Shop,NSW,,-33.9023314,151.212998
735998264,Zarraffa's Coffee,QLD,,-27.8520147,153.3002492
10920999141,The Daily Greens,NSW,,-33.8835735,151.2223218
2303323984,Eatworx,VIC,,-37.834394,144.971156
21555315,Bites,QLD,,-27.5635896,151.9575371
13278998701,Demochi,VIC,,-37.8128701,144.9659168
1169791684,Caffe Cherry Beans,NSW,,-33.7133568,150.9721202
12476624973,Emporio,NSW,,-33.7882097,151.2844859
13240110359,Cafe Moda,NSW,,-33.8886277,151.2373603
7101236418,Muffin Break,QLD,,-27.5223097,153.1946786
9882392317,Boo Too,WA,,-31.9390624,115.8597182
5142503227,The Total Picture Framing Café,QLD,,-27.4851305,152.993333
3051702171,Freudian Sip,NSW,,-33.7141167,150.3322032
13530304377,pour'd,SA,,-34.790135,138.6932151
6722762464,Pedlar Project,QLD,,-19.2599916,146.8173844
12001982667,Mitchello Coffee & Sandwhich,ACT,,-35.2207157,149.1424619
11107632733,Famished on Frasers,QLD,,-27.4385171,152.9850602
7085426314,Oregano's Middle Eats Cafe,VIC,,-37.7086844,144.997602
8035355478,Crown Espresso,ACT,,-35.2377672,149.0646691
13172392571,Bean a While,QLD,,-27.4953845,153.027631
13733738131,Armidale Hospital Kiosk,NSW,,-30.5124056,151.655088
6566796760,Industria216,WA,,-31.862606,115.8169139
12105634745,Murray's Cafe Licenced Espresso Bar,QLD,,-26.6585625,153.1020286
13191886476,Stitch Coffee,NSW,,-33.8833604,151.1950975
12303530933,Wildseed,VIC,,-37.5914299,143.8049391
2922673916,Fare and Square,SA,,-34.9083301,138.5924129
12715373240,Eleven Miles,NSW,,-33.8811413,151.2149368
1169791686,Pasqualina's Deli Cafe,NSW,,-33.7132624,150.9720739
1811937113,Cafe D’lish,ACT,,-35.3147923,149.1080317
11191880682,Crossroads Coffee House,SA,,-32.9735129,138.8378886
2609018145,Harvest Cafe,QLD,,-27.5853395,153.2801892
13073456560,Cheers Coffee,VIC,,-37.8202277,144.9418163
13531537885,Cafe 63 Ellendale,QLD,,-27.4187282,152.9206339
13475141448,Mi Place Espresso Bar,QLD,,-16.9198019,145.7701391
1345463302,Gypsy Jones,NSW,,-34.407237,150.8785024
2350038126,Nest Cafe,NSW,,-35.7779056,148.0116427
11004371161,Volt Cafe,VIC,,-38.6040432,145.5867925
3523510817,Cafe Krema,VIC,,-37.8054607,144.9633604
11408771692,Skinny Dippers Cafe,VIC,,-38.1599234,144.3396656
4929703892,Bake Bar,NSW,,-33.8778917,151.2440089
10132339714,Earth & Steam,QLD,,-27.4564216,153.0137071
20959228,The Dose,NSW,,-33.8587012,151.20831
2011700972,Unnamed cafe 2011700972,QLD,,-27.6334064,153.137511
13685989828,Gong Cha,NSW,,-33.8749279,151.1040593
3268344061,Where Is Henry?,VIC,,-37.853009,145.041383
1609789757,Pilgrims Cafe,NSW,,-35.0384255,150.6703749
12089684956,Cafe 2261,NSW,,-33.3605161,151.4829797
797244429,Machine Laundry Cafe,TAS,,-42.8875651,147.3333247
2001983788,Woomelang Café,VIC,,-35.68071,142.6632191
6515789585,Kava 5608,SA,,-34.9269836,138.6506816
6604513163,Waroona Country Cafe,WA,,-32.846289,115.922539
11779034541,Long Shot Coffee Co,QLD,,-19.2703847,146.7542747
5216905522,Tella Balls,QLD,,-28.0027918,153.4270893
6282193927,Unnamed cafe 6282193927,QLD,,-27.7805297,153.3639462
10144985269,Lan Coffee,VIC,,-37.7600607,145.000556
11620054949,Biddy Martha's Café,VIC,,-38.0980068,145.7192746
3933157669,Shot,TAS,,-42.7807629,147.0636774
7076726907,Bay Funktion,SA,,-32.7973055,134.2109802
7821477537,Millthorpe Corner Store & Cafe,NSW,,-33.4466563,149.1837308
9696208417,Cafe Mori,QLD,,-27.486747,153.0355907
12198481984,Gong Cha,NSW,,-33.8949344,150.9359029
11686369870,Via Retro,QLD,,-27.4688085,152.9702981
10219478675,Island Cafe,WA,,-30.5021197,115.0702275
2613258086,Unnamed cafe 2613258086,NSW,,-34.0558091,151.1500219
12922796687,Cafe Royal,WA,,-32.1252878,115.8561673
3162173714,Unnamed cafe 3162173714,NSW,,-33.7008114,151.1007963
11888185782,Pie Face,NSW,,-30.3402217,152.7100803
4590055589,Stumpy's Roadhouse,WA,,-32.3660239,117.0074426
12176229976,Sharetea,NSW,,-33.8790556,151.1032168
2151472057,Evergreen,SA,,-34.9178747,138.6111363
699591229,Mojo Cafe,QLD,,-27.4372082,153.0081584
9353979330,Unnamed cafe 9353979330,NSW,,-35.0924909,150.5626157
4417339790,Degraves Street,VIC,,-37.8171906,144.9657758
4967154722,Glovers Station,VIC,,-37.8782084,145.0078942
1435392170,Unnamed cafe 1435392170,VIC,,-37.8232752,145.0447544
3271954360,Cafe T,QLD,,-26.7163615,153.0683996
5338209248,Brunch Lady,NSW,,-33.8923478,151.2483576
9328888099,Bean at the Beach,WA,,-32.2744167,115.7319753
10127085037,Podium Cafe,VIC,,-37.9196083,145.1594642
4235007492,Profile Coffee Co-Lab,QLD,,-28.0942336,153.4425895
5187993685,Góc Phố,VIC,,-37.9613988,145.1426586
9988716573,Machi machi,NSW,,-33.9669469,151.1026578
12548811655,Mrs Jones The Baker,NSW,,-33.6762315,151.3029411
5434235545,Kismet Café,NSW,,-33.8514149,151.033033
9421721279,Lou's Cafe Restaurant,NSW,,-31.0803361,152.8406864
2086698110,The Coffee Club,QLD,,-28.2182446,152.0343152
11039666473,Muffin Break,VIC,,-38.0243654,145.3088176
9467180162,Salty Dog Beach Cafe,WA,,-32.0822201,115.7524365
13115667574,Durks Café,NSW,,-33.9586304,150.8813009
2637288743,The Urban on Lantana,NSW,,-34.0535412,151.0162211
6981989584,Crema Coffee House,QLD,,-27.462524,153.0243577
5609379965,Kinship Kitchen,NSW,,-30.5132548,151.6660681
10138871836,Haytch,VIC,,-37.7583494,145.0008271
11970146252,Cocobrew Express,QLD,,-23.3754873,150.5012945
4738867380,Noodies,QLD,,-19.1173301,146.8615037
12245679258,Cuppa Turca,VIC,,-37.7725662,144.9985034
4146453978,Coffee Corner,QLD,,-25.282551,152.8811586
1821070340,Cafe Siesta,WA,,-33.6554911,115.2202433
2314017248,The Walla Food Mill,NSW,,-35.7630342,146.9014209
4242645770,The Rocks Cafe,NSW,,-33.8595809,151.2086003
880543630,Louise Street Takeaway,QLD,,-17.2673145,145.4820188
11176385747,Cafe Eighteen,NSW,,-30.654226,152.9872494
318857132,Kismet,ACT,,-35.3204423,149.1334519
8568450817,Fox and Hound Espresso,QLD,,-26.416542,152.910211
10301768373,Bruce Rock Cafe,WA,,-31.8782877,118.1486292
5292300765,Maize Street Roasters,NSW,,-32.7435217,151.6039375
5140688128,Alphabet,QLD,,-27.4831217,153.0115316
5043819021,Unnamed cafe 5043819021,QLD,,-26.527485,153.0884552
12541507854,WH Smith Fresh +,QLD,,-27.6697274,153.1417578
10586312875,Bank Bazaar and Bank Bar & Café,NSW,,-33.5966441,150.7501911
1422547406,BarCycle Walsh Bay,NSW,,-33.8564364,151.2056575
1821133568,Harwood's Cottage Cafe,WA,,-33.6292979,115.1226852
12101735149,Lupolab,WA,,-31.9217446,115.8392462
773241576,Melissa Cakes Cafe Bar,VIC,,-37.7567225,145.121643
4410795608,Unnamed cafe 4410795608,QLD,,-27.8787517,153.4022399
2861418949,The Milk Bar by Cafe Ish,NSW,,-33.8918804,151.2008224
8299402082,True Brew,WA,,-32.0564823,115.7492758
12511680686,Mountain River Pâtisserie,QLD,,-27.5978909,153.080551
2385890416,19 on exchange,SA,,-34.9248236,138.6001487
5770292953,German Tucker,QLD,,-16.8196221,145.6342527
13433949040,Beurre Moisette Patisserie,NSW,,-35.3167218,150.4356708
10988836729,Bloomwood,VIC,,-37.8125537,144.9704851
12270450905,Sharetea,VIC,,-37.786526,145.1263349
363426018,Cab Rank Cafe,QLD,,-27.49079,153.04176
3965254612,Boatshed Cafe,SA,,-35.0787291,138.4966741
6596074694,Melon & Rye,SA,,-34.9598524,138.6413014
4772018421,Jean-Píerre,QLD,,-19.2724649,146.7896966
4149848195,Mr Hendricks,VIC,,-37.8133593,145.0866325
3148788163,The Lunch Company,TAS,,-40.9895347,145.7271814
9577114822,The Goomeri Bakery Coffee Shop,QLD,,-26.182683,152.0680717
12861949462,Unnamed cafe 12861949462,QLD,,-28.2129646,152.0333744
9368928036,Double J Espresso Coffee,NSW,,-34.4508024,150.4483212
11578161907,House of Cards,VIC,,-37.7990871,144.9626296
679022408,Time Out Cafe,VIC,,-37.8177683,144.9683649
11898347272,Danas Deli Cafe Marrickville,NSW,,-33.9165185,151.1492553
6968130717,Jack & Daisy,VIC,,-37.727857,144.9391911
13399495264,Moment Tea,NSW,,-33.8872868,151.12291
11015535549,Bubblz Tea,SA,,-34.9377728,138.5392199
873159306,Muddy Duck,NSW,,-34.8059484,145.8808215
12203487085,Cà Phê Kenny,NSW,,-33.8939328,150.9341854
12101669729,Postmaster Coffee,WA,,-31.9319763,115.8570446
13030523085,Lost and Found,NSW,,-33.8357432,151.2077515
1753221562,Oats & Sky,QLD,,-27.4828413,153.0763096
6016882816,Lets Bab,VIC,,-37.8746334,145.0919615
247170132,The Factory Cafe,VIC,,-37.7651025,144.9475575
2757744896,Talons Cafe,SA,,-35.9234868,137.304935
6429553111,Andrews Cafe,VIC,,-37.3571677,144.5268857
9160822924,Flying Bean Cafe,QLD,,-28.1172619,153.2019195
11235272425,Coffee Chakra,VIC,,-36.55438,146.7189563
2763159934,San Churro,WA,,-31.9479954,115.8572865
2141119878,POD by Peter,NSW,,-33.953178,151.0327306
7222064485,Bliss,SA,,-36.8288884,139.8517759
5477623981,The Hideout Coffee House,QLD,,-27.2034072,152.9601096
1792668282,Red Brick Espresso,ACT,,-35.325156,149.0829408
13433872979,Zaza's Place,QLD,,-27.5391686,153.0991472
9220488779,Unnamed cafe 9220488779,WA,,-32.0818461,115.8078472
7314351014,Carinya Cafe,NSW,,-33.4061101,150.9721869
5502554938,Bakery Café,VIC,,-37.8601469,145.0579507
5406330745,Tipplers Cafe,QLD,,-27.8052533,153.4273616
1646749489,Marian Convience store (GFC),QLD,,-21.1443134,148.9431154
12614932346,Pauls Cafe,NSW,,-34.4578153,149.4702742
13102981701,Emerald Beach General Store,NSW,,-30.1702457,153.1878625
4004143005,Brown Spoon Willetton,WA,,-32.0484258,115.8803408
10925938064,domo 39,NSW,,-33.9075009,151.1808825
5114279531,Unnamed cafe 5114279531,NSW,,-33.8578873,151.1821887
1833201928,Hippo's On Harris,NSW,,-33.8806013,151.200426
5209847345,Juice Station,WA,,-31.9551105,115.858795
3709962813,20 Mile Hollow,NSW,,-33.7348724,150.478912
4452574201,For Foods Sake,SA,,-34.9252255,138.5976252
3375919563,In A Rush,VIC,,-37.821874,144.9447899
3320102861,Wattlebanks Coastal Cafe,TAS,,-42.5590234,147.8723335
5215342565,Selfie Cafe,VIC,,-37.9680501,145.1743409
5905743863,Lizë + Bath,NSW,,-33.8635244,151.2076783
1808405759,Cafe Romero,TAS,,-41.3642269,147.0428261
6372219693,Coogee Cafe,NSW,,-33.9207283,151.2552114
8660800007,Scorchers by the River,TAS,,-42.5589821,147.8726004
7174027505,Rooster Rock,VIC,,-37.7814484,145.1636923
13159577294,Cafe Solo Expresso,QLD,,-27.4073178,153.0587521
2522579363,Fable Coffee,NSW,,-33.8782955,151.2204309
12314139191,One Tree Hill Cafe,NSW,,-33.5896329,150.2558005
2999805547,Roladoor Cafe,NSW,,-32.9188202,151.7480964
9805310074,Earth Market Cafe,VIC,,-38.1617939,145.9302208
11998508645,Yours Truly,WA,,-31.9469359,115.8293233
5130500244,Barkery Cafe - RSPCA,VIC,,-37.8516652,145.1341905
4700338989,Zouki Cafe,VIC,,-37.8119043,144.9775796
10246233349,Sentosa,VIC,,-37.9191126,145.1547885
4582106289,Todd and Pup,QLD,,-27.5356036,153.0326032
11898341744,The Pour Barista Cafe Marrickville,NSW,,-33.9144485,151.1527995
9816147239,Coffee Club,QLD,,-27.6687421,153.1382223
12619656981,Campus Canteen,VIC,,-37.8005194,144.9620134
7096444715,Bean’d,VIC,,-38.5213717,145.3661147
10014412176,The Fox Cafe,NSW,,-33.7366896,151.1003484
5087858494,Chimi Churi,NSW,,-33.7959232,151.1797647
9245151552,Bezirk,VIC,,-37.8706746,144.8380499
4606989589,Blue Seal Cafe,TAS,,-43.0185571,147.9196259
12422144077,Little Cha,NSW,,-33.7301746,151.1580201
4951972922,Unnamed cafe 4951972922,QLD,,-27.4587053,152.9990494
11001063962,The Nook,QLD,,-28.0897512,153.4533643
7027479885,Something For Jess,NSW,,-33.8860601,151.198601
7834170382,heartbeet,VIC,,-38.1841323,145.0882376
8872097276,Mile End Bagels,VIC,,-37.7683534,144.9613135
11984994945,The Woods Newport,NSW,,-33.6548946,151.3209971
448149561,Mitte,VIC,,-37.7857013,144.9892465
3621509397,Madonna's Café,QLD,,-24.2116548,151.9030753
8353482577,Long Evity Country Kitchen,NSW,,-30.1748176,151.0756966
2287695977,Food Angel Cafe,NSW,,-30.3401111,152.7129305
10012389163,Lollipop's,QLD,,-27.6133914,153.1223561
12466239555,Swell,NSW,,-32.94134,151.7674906
12945898701,Costeñisima,VIC,,-37.8595766,145.0010936
5855770586,Oliver Brown,NSW,,-33.8345103,151.0852731
674012637,Benson's Cafe and Restaurant,VIC,,-37.9085561,145.3551653
6569104913,The Generator,VIC,,-37.7269932,144.9583611
2581980880,Fifty-Six Threads,VIC,,-37.7970521,144.9278512
12894189360,Cafe Murgon,QLD,,-26.241135,151.9402728
4367172396,Little Me Coffee,NSW,,-33.9127911,151.2015065
9574731739,Chatime,VIC,,-37.9581339,145.0535738
9170548991,The Alley Lujiaoxiang,NSW,,-33.8839195,150.9271718
9536047323,Cheeky Grin Coffee,SA,,-34.9077632,138.6509062
7241398496,Coffee Express,NSW,,-33.8911638,151.2481626
11594695428,Café Orr,VIC,,-37.8250565,144.9512029
13288202616,Jilarty Gelato Bar & Café,VIC,,-35.3412019,143.5603552
11942961427,Cup of Joy,ACT,,-35.2382164,149.0670848
9898780796,Croque Monsieur,VIC,,-37.8168787,144.9663397
1800290406,Vietnamese Bakery,ACT,,-35.352609,149.0596468
11224267593,Organic Coffee and Nourishing Eats,NSW,,-29.7018803,152.9356608
803090156,Elements,VIC,,-37.8139145,144.9688622
11789673987,Maleny Food Co,QLD,,-26.7586452,152.8511159
1282403372,Kyoto Sushi & Noodle Bar,VIC,,-37.8141257,144.9605475
5072515121,M Deli Cafe,NSW,,-33.8972105,151.2709303
5761097888,Ruby G's Cafe and Bakery,NT,,-12.3997823,130.8524559
10848186527,The Waiting Room Cafe,QLD,,-27.4639092,152.5794903
7824640912,Unnamed cafe 7824640912,VIC,,-37.8281019,145.0582614
4905647497,Little J Cafe,VIC,,-37.8163691,144.8889212
3909127671,Foreshore Cafe,VIC,,-38.3634771,144.8776062
4789547563,Franky and Co,NSW,,-33.7131171,150.9719795
3338918285,The Foliage Cafe,NSW,,-33.8425788,151.2053557
10542416153,Ridge Café,VIC,,-38.1495069,145.2902929
20980098,Gloria Jean's,NSW,,-33.8931988,151.2728552
4730001890,Origin Espresso,QLD,,-16.4836541,145.4629089
2934175887,Jim's Cafe & Takeaway,VIC,,-36.2500654,142.3947676
1974543146,Caffe Incontro,NSW,,-33.7946619,151.121906
7466912609,Big Love Cafe,QLD,,-26.7401826,152.9044747
12047043650,Riverside Café,NSW,,-33.8138372,151.0098142
1948229237,John Gorilla,VIC,,-37.7662149,144.9489903
12730536311,It's Cafe,QLD,,-27.5318516,153.2657804
6869527385,Olive Branch Cafe,NSW,,-32.9207022,151.7464265
12802014638,Even Younge,NSW,,-33.8237706,151.1952248
13366153153,Michel's Patisserie,NSW,,-33.752699,150.6590487
4064857389,Cafe Pantheon,VIC,,-37.7780476,145.0181099
11135774561,Jillz Catering,QLD,,-27.41795,152.9828138
5870368083,Mia & Co.,NSW,,-33.8644656,151.2089476
11415688698,Sahara-Silkroad Coffee House,NSW,,-34.5511902,150.3687947
595590579,Izzy’s Cafe,VIC,,-37.6491997,142.3419965
9878259217,High on 55,WA,,-32.0551183,115.7447659
10223008754,Unnamed cafe 10223008754,VIC,,-37.875825,145.0390391
3287366362,Hartley Fresh and Cafe,NSW,,-33.5616954,150.1987351
7902511199,Porters Cafe,NSW,,-33.4177406,149.5813605
12608531707,Passengers Cafe,NT,,-12.4607079,130.8405799
368201998,Haran's Patisserie,NSW,,-35.1078861,147.3705827
7877175332,Lavender's,NSW,,-32.731709,151.55506
11047414952,Ceduna Bakery and Coffee House,SA,,-32.1251286,133.6736178
4041187995,Bruny Island Gateway,TAS,,-43.1271865,147.256912
6775869870,Sharetea,NSW,,-33.8157554,151.00557
150541318,Noodle Smart,SA,,-34.8967707,138.5570159
708790836,Diggies,NSW,,-34.414102,150.9011644
5140688131,Hope on Boundary,QLD,,-27.4820382,153.0120593
12052139173,Coffebaby,VIC,,-37.6983853,144.9096128
5788437753,2108 Expresso,NSW,,-33.5987111,151.3246629
5524799089,Espressohead,NSW,,-28.6438082,153.6149898
6929398205,Croissant Express,WA,,-31.9550759,115.8619987
11168356802,Room 10,NSW,,-33.872388,151.2245037
3579355215,Forrest Brewery Company,VIC,,-38.5185217,143.7142667
13704651693,All Trancio,VIC,,-37.7540527,145.6876214
10279364947,CoCo Fresh Tea & Juice,NSW,,-33.8912965,151.2483842
7053362730,Basement Espresso,VIC,,-37.8087663,144.9779671
5492535535,Paymasters Café,NSW,,-32.9266213,151.7856607
5087706402,The Providore,NSW,,-32.9214244,151.7593643
5468474935,Sunny Thor,VIC,,-37.9886201,145.2137759
8148070385,Woki Coffee and Food,WA,,-31.9575864,115.868938
9921782629,The Green Double Decker,QLD,,-27.5247208,153.1906051
3391970679,Tutto,VIC,,-37.8008602,144.9665693
8653711773,Dare To Bite,NSW,,-35.7756305,148.0103489
11108998150,The Korner Cafe,NSW,,-33.851252,151.0328012
12245681828,The Brew Buggy,QLD,,-27.2514801,153.0978973
11128867913,Salumerie,NSW,,-33.8729087,151.2243789
13343515514,Independent Cafe,NSW,,-32.9257403,151.7756636
2925550962,Unnamed cafe 2925550962,VIC,,-37.8075455,145.0291815
8920886102,Tasty Sudaca,QLD,,-26.8048384,153.132089
7808535857,Philoçoffee Espresso Bar,VIC,,-37.8365649,144.9688133
11957780154,Bru's house Coffee and Eats,WA,,-32.4259957,115.7537227
11767837919,Muffin Break,NSW,,-28.810489,153.2866529
8490656573,North Street Store,WA,,-31.9821377,115.7647261
12070778975,Cafe 54,QLD,,-26.5815523,148.7844964
4846876722,bb's cafe,SA,,-35.0638854,138.8594025
11475687861,Amber's Cafe,VIC,,-36.3338711,141.6497251
7103207795,Ground Floor,NSW,,-32.927361,151.7818976
10700511797,Blyth Cafe,SA,,-33.8469,138.4889809
9368691493,The Shaggy Cow,NSW,,-34.4512454,150.4476823
4049768919,Glenn Bistro,VIC,,-37.7209049,145.0516207
1364000490,The Griff Coffee Bar,ACT,,-35.2978151,149.1437142
5902885778,Piccadilly Cafe,NSW,,-33.8882793,151.2318918
10185009244,Peninsula Baker Boys Café,VIC,,-38.35611,144.9043097
8147880038,The Sunken Spud,NSW,,-34.5800069,150.8717932
5114279534,Unnamed cafe 5114279534,NSW,,-33.8578627,151.1819941
11072487273,Uncle Franks Laundry Espresso Bar,NSW,,-30.5147222,151.6686637
5110148981,Nitro Lab,VIC,,-37.879695,145.1637026
4489047790,Cafe Safi,VIC,,-37.8433452,144.9776768
6778432885,Boutic,NSW,,-33.8813106,151.2011511
3977391968,Starbucks,NSW,,-33.8755348,151.2063056
2520862169,Tartt Cafe,NSW,,-32.1802743,152.5092288
5227136722,Stirrup Cafe,NSW,,-33.9023516,151.1621622
9297910971,Delungra Cafe,NSW,,-29.6532217,150.8275558
2939983803,Saporo,VIC,,-37.9078492,145.132316
3015801233,Snout in the Trough Food Co.,VIC,,-38.231274,143.144311
13414757936,Muffin Break,NSW,,-33.7035677,151.1010808
9702934458,Fiddle Leaf,QLD,,-27.4537771,153.0563715
6403296329,Be.K,VIC,,-37.7846616,144.8922383
7996144785,Dublin General Store & Cafe,SA,,-34.453749,138.3543341
2902088254,Veneziano Coffee Roasters,QLD,,-27.4838627,153.0026819
6257154129,St Coco Cafe,QLD,,-27.6436158,153.1551346
13475658763,Unnamed cafe 13475658763,NSW,,-33.7980674,151.1815858
3113769225,Unnamed cafe 3113769225,NSW,,-37.0440341,148.9395579
4259739850,Largo Cafe,VIC,,-37.9078766,145.0247858
2717110536,M&G,QLD,,-28.0315253,153.4284982
6571747805,Bare Grill and Cafe,NSW,,-33.9881084,151.2327181
8246982605,Pie Face,VIC,,-37.7477319,145.022181
5421581914,Miss Viet,VIC,,-37.9664711,145.0556372
5620953664,Byron bay coffee company,NSW,,-28.8099706,153.2777218
11070271028,Long Shot & Co,SA,,-35.1817478,138.5024502
11796335143,Dal Dal,QLD,,-27.4777896,153.0223457
6938593144,Can Blue,NSW,,-33.7153596,150.3112016
13290671981,Mörk Chocolate,VIC,,-37.8166168,144.9654663
3979136668,C'ya,NSW,,-33.8756504,151.2065925
4036133494,Church of Secular Coffee,VIC,,-37.9114985,145.1343235
12008713276,House & Garden Cafe,QLD,,-24.424207,145.4651156
12637044770,Cafe on Queen Binalong,NSW,,-34.6688051,148.6323036
5162185410,CBD,QLD,,-27.4773264,153.0205426
2487994131,Meerkats Cafe,WA,,-31.9771801,115.8528025
7967793300,Hillside Harvest,NSW,,-33.2517729,148.9886868
6542308818,The Gilded Rose Cafe,VIC,,-37.8419043,145.2669986
6489919146,South Freo Continental,WA,,-32.0681781,115.752756
2786816032,Pulse Espresso Bar,NSW,,-33.9655091,151.1342025
2627801111,Gosh Cafe,NSW,,-33.8147598,151.0077423
9444436392,The hive. Greek deserts,VIC,,-38.3713968,144.8283922
11257102923,Wild Bean Cafe,QLD,,-27.3579974,152.9692691
3274290872,Sharetea,NSW,,-33.7726332,151.0822877
1021731064,Romano's Coffee,VIC,,-37.809743,144.995519
10582918564,Jaffle Shack,WA,,-31.9484892,115.8419997
10268709647,Ngon Viet,NSW,,-33.7675751,151.2738829
11107632736,Grub Street,QLD,,-27.4179648,152.9829711
11004819617,Sugar House Waffles,NSW,,-33.9068814,151.0574237
10160783538,Cantina,WA,,-31.947866,115.8235434
860203644,Cafe Relish,WA,,-31.8942316,115.7784537
10153101143,Chocolatree,SA,,-34.9084161,138.5965566
11477874190,Storehouse Roastery Olinda,VIC,,-37.8483208,145.3611832
6804448485,Thirty Three Cups,TAS,,-41.1562693,146.1718249
4568753747,De Novo Cafe,NSW,,-33.8791117,151.2220773
4060933038,Coffee Time,VIC,,-37.8349682,144.6904754
3937392251,Lobster Ponds,TAS,,-40.9654981,145.6321923
8562210666,Sammy Jr.,NSW,,-33.8684881,151.2061242
11018950279,Saigon Snack Bar,SA,,-34.8830787,138.5134443
13247338290,Pie Face,QLD,,-16.952775,145.7516552
5971058615,For Change Cafe,VIC,,-37.7614456,144.9609565
2123503873,Unnamed cafe 2123503873,VIC,,-37.9335761,145.4409477
4738867378,Early Bird Cafe,QLD,,-19.117861,146.8601586
11542183091,Eco Cafe,VIC,,-36.378169,145.3996414
13813380620,C9 Chocolate & Gelato,VIC,,-37.8118156,144.9372063
9416654879,Nyanggan Gapi Café,NSW,,-30.2663305,153.1093559
2100741195,Unnamed cafe 2100741195,NT,,-12.3866661,130.8623647
12982052220,EAST QTR. Coffee Bar,VIC,,-37.5648216,143.8614952
2530237185,Operator 25,VIC,,-37.8107145,144.9571233
6296999619,Tella Balls,NSW,,-33.7321434,151.0042797
11092512699,Papa's Corner Cafe,QLD,,-27.4111037,153.0199996
8867059319,The Foreigner,VIC,,-37.7664626,145.0445918
12282864383,Unnamed cafe 12282864383,QLD,,-27.4943904,152.9453582
9671765611,Tooborac Pies,VIC,,-37.0425457,144.7984596
7045310691,Bakes & Bagels,VIC,,-37.7512209,144.988889
10715817361,Hawkes Farm,VIC,,-38.420671,144.8915687
5108739170,Unnamed cafe 5108739170,NSW,,-33.652678,151.1553955
2509205805,Dôme,WA,,-31.7399678,115.7403145
5614981259,Ben Roberts Café,NSW,,-33.7200485,150.4304602
6304977582,Sisterhood Coffee,QLD,,-28.1189282,153.4715324
6277859550,Down 2 Earth Cafe,QLD,,-28.1219638,153.4728536
4525263055,Ocean View Kiosk,VIC,,-38.2730489,144.6577964
5518125097,Westside Espresso,NSW,,-30.5037784,151.6506761
1669802205,Stand By Me,ACT,,-35.3393483,149.0766138
672135877,Pirate Cat Cafe,SA,,-35.0313621,138.5179049
9313148583,Bundarra General Store,NSW,,-30.172066,151.0762215
4418282184,Cafe Bang Bang,SA,,-34.9232281,138.5974508
2388138392,Liv It Up Cafe,VIC,,-37.6247858,143.8843455
13190569648,Cassowary Blooms,QLD,,-17.9341757,145.925006
11349900711,Fabrica Café,VIC,,-37.962772,145.0409162
612771032,Hudsons Coffee,VIC,,-37.810099,144.972162
1912335182,Great Scot,TAS,,-41.4350253,147.139611
5389859789,4 Cousins Coffee Department,VIC,,-37.9970995,145.0843416
7792621162,Strangers,VIC,,-37.7659496,144.9219261
8791558114,Cafe Del Ra,NSW,,-33.7122385,150.3106462
2319238473,Gecko's Kitchen,NSW,,-34.0091141,151.0560997
12418960041,"""Nine Yards, Armadale""",VIC,,-37.8562555,145.0278106
8456279381,Pie Face,VIC,,-38.0993767,145.1741679
11962477369,Montano's Cafe,VIC,,-37.8408413,145.2653551
10188373788,Henry's Cafe & Burger Bar,VIC,,-38.3584853,144.8956367
1606588310,zouki,VIC,,-37.9206886,145.1231377
11168099515,The Coffee Window,NSW,,-30.9854042,151.5932177
12303553025,Rydalmere Bakery and Cafe,NSW,,-33.8103363,151.0296952
12121149401,Lilium Lair,NSW,,-28.5394645,153.5510828
11166896068,Adrift Cafe,WA,,-21.9378756,114.1264057
7101236411,107 Coffee Terminal,QLD,,-27.5229424,153.1953494
3259282312,Café Cavallino,VIC,,-37.8184335,144.95028
4930786518,Pronto,NSW,,-33.7846358,151.1224256
308425979,Zarraffa's Coffee,NSW,,-30.2832281,153.1262559
2611690715,A Mothers Milk,SA,,-34.9478306,138.6074224
508030133,Cafe Centro,VIC,,-37.7953863,144.8619664
11917099703,Bright 'N' Fresh,VIC,,-37.9147099,144.9950038
2340061711,Numi,QLD,,-16.7486905,145.6708488
4744138054,Weatherson Foods,VIC,,-37.8246911,145.081835
6559606247,Pixie and the Hawk,SA,,-34.923823,138.5653771
7497572739,Heerers and Hooters Café,TAS,,-42.0299527,147.4921426
492489107,Chet's Cafe,WA,,-31.9490647,115.8589136
6043928972,Café Nhó,NSW,,-33.8955139,150.9358818
5761017939,Vy Vy Garden Cafe,NSW,,-33.9193474,151.0315453
5189668643,Swift's Cafe,VIC,,-37.9128232,145.1340817
4693432833,Gulp,WA,,-31.9276156,115.8793096
7081690004,Sweet Library,QLD,,-27.2273542,153.11482
4465728690,Social Brew Cafe,NSW,,-33.8716206,151.1952162
9641988458,Tucker,NSW,,-33.8823431,151.2521165
1438088893,Moon Rock Café,ACT,,-35.4022923,148.9831404
3693554443,Spirit of Thai,VIC,,-37.8416071,144.938871
9435358111,Ella Cafe,NSW,,-33.861535,151.0737396
1969351399,Urban Bean,ACT,,-35.3425586,149.0849538
7106451137,The Pastry Place,SA,,-37.1648085,139.760056
9962961004,BP Wandoan,QLD,,-26.1252036,149.961694
2264513055,Waikerie Bakery,SA,,-34.1784373,139.9852472
5259139801,Nice n Tasty Snackbar,SA,,-34.9054544,138.5715866
8358940949,Great Ryrie,VIC,,-37.8287015,145.2370984
10313773019,Barrel One,NSW,,-33.873846,151.2248543
11228613757,Jamaica Blue,WA,,-32.0641761,115.8568989
2170430682,Parma Cucina and Bar,NSW,,-33.889289,151.1914948
10227777167,The Grey Smith,VIC,,-37.8163058,144.9859031
5788987060,Allure Cafe,NSW,,-33.8001512,151.1791613
6690853148,Spring Beanz Cafe,NSW,,-33.6990413,150.565894
1295528774,Unnamed cafe 1295528774,QLD,,-27.5645527,151.9529895
13431736102,Cafe Ronto,NSW,,-33.5215846,151.3189945
12117849343,Mishy’s,NSW,,-33.8814888,151.2124401
13010526859,Oko Cafe,VIC,,-37.8096928,144.9598539
2613244940,Chocpad,NSW,,-34.054838,151.1517442
13469881251,Early Birds Cafe,QLD,,-23.3982701,150.495604
12117849338,Haven Coffee,NSW,,-33.8783805,151.203179
7512755718,Roitleys,VIC,,-37.8452609,144.7902441
4707664090,Doppio espresso,NSW,,-33.874217,151.2081435
5411169125,Scholar & Co,VIC,,-37.800157,144.9636365
1833201930,Hannah's Pies,NSW,,-33.8794439,151.1997695
1972157551,Small Print,WA,,-31.9548505,115.8553065
13411744701,3 Little Pigs,VIC,,-37.4868614,144.5909795
13127023333,Boost Juice,QLD,,-27.927622,153.3360032
8508713188,Cafe Pronto,NSW,,-33.7804817,151.1295344
13616296874,Unnamed cafe 13616296874,VIC,,-37.8043476,144.9599134
683825220,Café on Lords,VIC,,-38.6197627,142.9947966
7174281279,Green House Coffee and Food,ACT,,-35.279901,149.1338955
5382566423,Unnamed cafe 5382566423,QLD,,-27.448495,153.0349425
11346812901,CoCo Fresh Tea & Juice,NSW,,-33.9219133,151.1863249
6475055838,The Baron Cafe,NSW,,-33.7316985,151.0062662
10586312942,CRAZIES cafe,NSW,,-33.5958296,150.7484887
3335550403,Joe Black,NSW,,-33.8781282,151.2109248
2147519860,HCAFE,NSW,,-33.7271475,150.7256066
6160470699,Euro Lane Cafe,VIC,,-37.8166194,144.9656024
1464611019,The Moray Cafe,QLD,,-27.4701387,153.0429724
642333245,Pellegrini's,VIC,,-37.811722,144.971173
11914533343,Ischia,WA,,-31.9469574,115.8731348
10940882302,Unnamed cafe 10940882302,NSW,,-33.9379431,150.9888268
12062163658,ENA Sydney,NSW,,-33.8247249,151.1984092
9837357980,Catfish Collections Augathella,QLD,,-25.795827,146.5837041
10636721434,Leaf Cafe,NSW,,-33.8127917,151.1059929
10172680817,Sweet Espresso Bar,NSW,,-33.7700115,150.7663552
13453862364,Latte Station,NSW,,-34.0421362,151.1219114
4744719721,Gluten Free Revolution,QLD,,-27.9232026,153.2011797
5583458051,Banh Mi,VIC,,-37.6757901,144.4396005
4765759021,Little Bird Cafe,WA,,-31.9453913,115.8585421
10103015917,Muffin Break,SA,,-34.9239985,138.6011089
7056232755,San Chen,NSW,,-33.7040913,151.1000749
6290629386,Toby's Estate,WA,,-31.9411364,115.9714784
8558655769,Bagels Baby,VIC,,-37.7321861,144.9459883
3215441271,Limoncello,VIC,,-37.9500831,145.0039479
2493012604,Red Fox Deli,VIC,,-37.4237431,143.8945542
4945647322,Meraki,WA,,-30.3035395,115.0400902
13595496039,Boba House,TAS,,-41.438543,147.1381475
642936707,Riversdale Gourmet,VIC,,-37.829686,145.043441
7279019261,Zarraffa's Coffee,QLD,,-27.7175194,153.2071676
2266476360,Palette Cafe,ACT,,-35.3208374,149.0944121
3822572657,The Herbert Café,VIC,,-37.7692631,144.9961418
267115986,Jimmy'Z,VIC,,-38.1110096,144.3429212
3909127055,The Corner,VIC,,-38.3601958,144.8894593
8668359621,Yo-Chi Frozen Yoghurt,SA,,-34.9209915,138.6359912
9347869634,Nectar Espresso,QLD,,-28.0743262,153.4465253
653984608,Delictable Gourmet,WA,,-31.9465499,117.0150536
2390284278,RJ's Travelstop,VIC,,-36.6024471,143.9427108
332483483,Unnamed cafe 332483483,TAS,,-41.4045971,147.134561
1953962480,Café Life,NSW,,-30.4861972,151.6444372
9369252675,The LillyPad Cottage,QLD,,-28.0645115,153.4026846
4889422130,Coffee Club,QLD,,-27.5640342,152.4241732
8729873279,Mud Caff,NSW,,-32.5919764,149.5857244
9892328781,Cafe5911,NSW,,-34.7552497,149.7186948
9708225017,Louis Fitzroy,VIC,,-37.8014909,144.9775776
13460167015,Laika,WA,,-31.9710874,115.9089082
7811082192,Rebello,VIC,,-37.8453047,144.9590164
8768463705,Flinders Food and Coffee,QLD,,-27.2181249,152.998116
5638805272,Rustic Bean,VIC,,-37.7389839,145.0022509
3788344161,Blacksmith,NSW,,-33.8867158,151.206879
3506314293,Muffin Break,NSW,,-30.2971674,153.1157483
1918158698,F.A.B Espresso,TAS,,-41.4803322,147.1250621
11824271161,Milk Flower,NSW,,-33.8747618,151.2063137
9937353396,3 Bears,NSW,,-32.9743833,151.6158449
2831226260,Unnamed cafe 2831226260,QLD,,-27.4074514,152.9996803
12920379728,Fat Cat Coffee Roasters,VIC,,-38.1772392,146.3005489
13759899376,Stanley St Cafe,NSW,,-33.7298614,151.1626207
3780687356,Chocolate @ No. 5,SA,,-35.0333967,138.8126353
4304749089,Marron cafe,SA,,-35.8632329,137.1314445
1029226779,D'Angelo Cafe,WA,,-32.0536716,115.7496248
7663736371,East And Co,VIC,,-37.8122375,145.0752423
1121138284,Unnamed cafe 1121138284,NSW,,-33.9603428,151.1549397
4548498492,The Coffee Club,NSW,,-33.93617,151.1662896
2535972589,Boost Juice,VIC,,-37.8615267,144.9748186
6355344985,The Bean Barrow - Fine Espresso Coffee,TAS,,-41.2501215,147.2174974
10859644201,Yonder Expresso,QLD,,-27.5021323,153.0060446
6897260149,Manly Point Cafe,NSW,,-33.7996467,151.2902569
12836335650,Cabinet Noir Express,WA,,-31.9520703,115.855861
2469666380,B.T. Dubs,VIC,,-37.7538221,145.6883491
13820913479,Uni Corner Cafe,ACT,,-35.3438408,149.0871701
12454400501,Hashtag Bubble Tea,SA,,-33.8344263,138.6129585
7241070036,Now and Not Yet,VIC,,-37.7381087,145.2190194
6743930705,Stowaway Cafe,NSW,,-33.6592897,151.2978108
5033273108,Cafeli House,NSW,,-34.3413825,150.9065603
12503162379,Pure Pie,VIC,,-37.821147,144.9498822
5610439488,Lucky Pickle,NSW,,-33.8890359,151.2130456
2573979282,Delish fine foods,TAS,,-41.0681093,145.9357343
13451811741,Uffizi,VIC,,-37.8727574,145.024891
12630123139,Grind Cafe,QLD,,-26.396951,153.0661275
11413967967,Bellboy,VIC,,-37.806457,144.9585856
10007246438,Sydney Car Wash & Cafe,NSW,,-34.0294166,151.0777932
9548407412,Pasta Pantry,NSW,,-33.8861197,151.2575191
7115425125,One Picket Fence,NSW,,-32.9256274,151.7734082
4316692424,Stax,SA,,-34.9339251,138.6006149
3545482258,Pancakes in Paradise,QLD,,-28.0053938,153.4287085
6017200217,Ablas Patisserie,VIC,,-37.7429579,145.0033794
11702829481,Superfloor Cafe,VIC,,-37.800023,144.9645621
8787747413,Unnamed cafe 8787747413,SA,,-34.8787647,138.6639083
10272459792,Caffe Cherry Beans,QLD,,-27.2408691,153.0149235
12089720392,Juniper,NSW,,-33.8823302,151.2280156
600169189,Rosebery Bakehouse,TAS,,-41.7794089,145.5401828
4755703039,Sprout,QLD,,-19.2719119,146.7936407
8512530256,The Acai Corner,WA,,-31.9832227,115.7791697
4428235190,The Bottle of Milk,VIC,,-38.5380481,143.9750371
12328386935,Cotti Coffee,NSW,,-33.8913856,151.1985728
7090154895,Tea on the Terrace,NSW,,-29.4559015,153.1968356
6938593151,8 Things,NSW,,-33.7155084,150.3111706
5457998457,Coffee at the Park,QLD,,-27.4626169,152.5804888
6139780390,Pitch Black,ACT,,-35.3473008,149.0364921
12056448975,Proof of Pie,SA,,-34.9275868,138.5948876
9750697621,Lido Cafe,ACT,,-35.2381592,149.0670749
5817069144,Pekárna European Cafe & Bakery,NSW,,-32.9356015,151.7257044
9898932048,Proud Mary Coffee,VIC,,-37.6708025,144.8482735
9797581350,Caffissimo,WA,,-32.0546036,115.7392975
11637728366,Spontaneous Express Cafe,VIC,,-38.1447263,144.3550663
10675904883,The Stagg,TAS,,-42.8799307,147.3238683
2118848279,Peppercorn Cafe,VIC,,-38.0070543,145.0862656
2342887030,Left Bower Cafe,NSW,,-34.0316875,151.0564042
7758612185,Muffin Break,QLD,,-23.3539386,150.522982
9297545596,Zarraffa's Coffee,QLD,,-26.6613836,153.1016291
3665668268,The Green Edge,QLD,,-27.4352186,153.0319824
12457207736,Little Charley Cafe,VIC,,-37.8092247,144.9626471
6162630722,Bread Espresso Bar,WA,,-31.9974107,115.8649081
5336300690,Gingernut Cafe,QLD,,-28.1010242,153.4345202
10591064156,Pit-Stop Cafe,NSW,,-33.6064999,150.8232724
11135649031,Upstate Coffee,VIC,,-37.813731,144.9708413
7358773588,Caldermeade Farm & Cafe,VIC,,-38.2428273,145.5777406
11593120427,Kwik Koffee Kiosk,WA,,-31.9476632,115.9197929
1350277922,Kanteen,VIC,,-37.8340469,145.0047756
10948221309,Wilson Cafe,NSW,,-33.885995,151.2143675
7105910667,Culture Club,NSW,,-32.9275306,151.7781586
11662275953,Astroluxe,VIC,,-37.9357319,145.0612879
11145213545,Port Fairy Coffee Roasters,VIC,,-38.3832039,142.2325538
5162777721,Dineamic Food Store,VIC,,-37.8391554,144.9938655
12187252656,Trading Post,NSW,,-32.9904218,151.1307024
10932917057,Espresso Lane,VIC,,-37.5985551,144.9397777
4637126798,Unnamed cafe 4637126798,WA,,-32.0545397,115.7449356
570751106,Beachcomber,VIC,,-37.8651197,144.9715162
5001306223,Amity Cafe,VIC,,-37.803656,145.1024041
7081690025,Cafe Diversity,QLD,,-27.2285163,153.1152062
9391010975,Taste Espresso,NSW,,-33.7333016,151.3015226
764607011,Mekko Market,SA,,-34.8875415,138.5942097
2905141120,Nest Cafe,NSW,,-33.7051298,150.9350135
13851020190,Marti's Bakehouse,VIC,,-37.9348905,145.0377907
1314982825,ELS Cafe & Bar,NSW,,-33.7729177,150.9692012
8577273443,The Goods Wholefoods,ACT,,-35.2786552,149.1269699
1912290760,Croplines Coffee,TAS,,-41.4363545,147.1393725
2705127046,Cafe LeMa,QLD,,-23.3422762,150.5207384
12844986960,RAM’s Cafe,NSW,,-33.8694069,150.9564294
13011387562,Sharetea,NSW,,-33.8640256,151.2014204
9419622870,Round and Round Coffee,NSW,,-31.4426943,152.9192422
12240716541,Top of the Hill,VIC,,-37.7741613,144.998174
6775869869,Chambers Fine Coffee,NSW,,-33.8163287,151.0056283
13174385001,The Pocket,QLD,,-17.8245404,145.9993299
10895123322,MASH Cafe,SA,,-34.8443573,138.5062768
11237516998,Johnny Black's,NSW,,-34.0231192,151.081888
8436766749,Espresso 125,NSW,,-33.5283309,149.2558773
9396034975,Ricketts Cafe,VIC,,-37.8954808,145.1427327
1784560992,Europa,TAS,,-41.0525149,145.9062584
5061484675,De Gusto,VIC,,-37.8186255,144.9473022
8221792636,Bakers of Singleton,NSW,,-32.5681373,151.1792846
13736821841,Chit Chat Cafe,VIC,,-37.8185086,145.1248161
4469635307,Posto,QLD,,-27.4825915,153.0115911
10698515750,Bogey Hole Cafe,NSW,,-33.9048348,151.2669404
9988504466,Station 4,NSW,,-34.2882904,146.046747
7706149758,Wild Plum Kitchen,QLD,,-27.923756,153.2013301
10695974356,Office 3564 Cafe & Wine Bar,VIC,,-36.12603,144.7492943
13082772501,Salt Cafe,NSW,,-33.6561223,151.0400991
12254048449,Unnamed cafe 12254048449,NSW,,-33.6952987,151.3031302
12254155206,Cafe on the Corner,VIC,,-38.1839741,145.0885566
3199550696,Public,SA,,-34.9270673,138.59836
613995128,McClelland Gallery Café,VIC,,-38.1457816,145.1765301
13589620880,Age.3,NSW,,-33.8833442,151.202075
3046629950,La Maison Cafe,VIC,,-36.0930356,146.9038322
8624376917,Cafe twist,VIC,,-38.0050075,145.2181526
10707881402,Pie Face,VIC,,-35.0709127,142.3194412
13622055443,Freshly Blended,VIC,,-37.5108703,145.7466545
2217874589,Little Gordon,VIC,,-37.810524,144.9717049
3266769452,Superstar Waffles,WA,,-31.9492907,115.8587768
5623298221,Aboriginal Bush Traders,NT,,-12.4650961,130.8428893
12570997654,Bon Bon Cha,WA,,-32.1074223,115.9377712
3196490597,LaManna Cafe,VIC,,-37.7268472,144.8938799
4066348914,Masala Chai Cafe,VIC,,-37.8985902,145.0869409
5623291937,Fraiche Kitchen,QLD,,-28.003531,153.4301566
977379370,Fusspots at Ebor,NSW,,-30.4019759,152.349892
5469118822,Sipping Duck,QLD,,-16.8742906,145.7409002
9531266356,Grain & Press,NSW,,-32.9220829,147.7093609
8850072300,Peter's Cafe,NSW,,-33.7041965,149.8589599
5162777423,Cinque 5,VIC,,-37.8391499,144.9938105
11476098086,Brinx Deli and Cafe,QLD,,-28.6560018,151.9338953
10078580998,Espresso Cartel,NSW,,-33.9523825,151.1368397
2400990992,Gong Cha,VIC,,-37.812455,144.9649343
20979902,Thainabox Noodle Bar,NSW,,-33.8894042,151.2750825
13433666758,Starbucks,NSW,,-33.7309239,151.0065362
6984021668,Zen,WA,,-33.6490456,115.3441126
12223323632,Waho,QLD,,-27.4999758,153.0460037
12215288997,Revamp Espresso Bar,QLD,,-27.5329692,153.0246588
12997004305,Bucks Cafe,NSW,,-34.4283283,150.9006722
13753932740,Bacio Espresso,NSW,,-33.813327,151.0019009
2964024176,Natural Arch Cafe-Restaurant,QLD,,-28.2218171,153.2356858
3915727959,Inspire Nature,NSW,,-33.8782175,151.1986412
1281514222,Vanilla Lounge and Cakes,VIC,,-37.8993547,145.0898381
10704909462,Mr Ed Coffee & More,VIC,,-37.8890779,144.6934652
8856931629,Dome Cafe,WA,,-31.6519247,116.6731712
4784455302,Gloria Jean's,SA,,-34.980143,138.5154737
10707927558,Bedford Brew Coffee,VIC,,-36.7565216,144.2614267
338558318,Mt Stirling Cafe,VIC,,-37.1132524,146.4634739
9329012651,Chandlers,WA,,-32.2753962,115.7302519
8889226892,Chalkys,WA,,-32.0559976,115.7419741
7021288956,Unnamed cafe 7021288956,NSW,,-34.6483497,150.4861053
10082949688,Sweet Whale,NSW,,-33.9459693,151.256854
11063982418,Quattro,NSW,,-33.8043759,150.987713
8111240747,Deco Cafe & Eatery,NSW,,-33.8151176,151.0058029
1272679416,Cardian's Coffee Lounge,NSW,,-31.2729231,149.2768257
13294798526,Tailwinds Cafe Bullsbrook,WA,,-31.6658674,116.0331393
2194163861,Racers,VIC,,-37.5555678,143.8426917
4422263796,Sandbar Cafe,NSW,,-31.6398745,152.8171477
6369142287,The Elixir,VIC,,-37.7293068,144.9919397
3338958594,Cafe Mia,NSW,,-33.839311,151.2070683
10181567965,Three Beans,NSW,,-33.7763503,151.1206994
11165857763,Ray's Place,NSW,,-33.7916461,151.1988008
9215133553,The Shed,NSW,,-33.3090261,151.4220421
10089579038,Chez nous,QLD,,-27.466761,153.0189661
5623291933,Burleigh Social,QLD,,-28.0785142,153.4449298
10235141801,Boost Juice,VIC,,-37.8850347,145.0837263
12162860449,SACWA Country Cafe,SA,,-34.9457377,138.5847768
12735607565,Buttered,NSW,,-33.885213,151.1999448
10587982186,The Second Home Cafe,NSW,,-33.5967998,150.7511991
7791593117,Joe and Sal Glebe Cafe,NSW,,-33.8766447,151.184659
5215552270,Follow the Leader,VIC,,-37.8766792,144.9972322
2467276608,Snow Pony,VIC,,-37.8109171,145.0662108
12013373549,Lumen Cafe Lounge,QLD,,-27.4865363,152.9919758
1425742685,Fergerson Plarre,VIC,,-37.7685841,145.0016758
5855919200,Treloar,VIC,,-37.5630383,143.8623834
9999349572,Lankan Railway Cafe,NSW,,-33.9709958,151.0803285
8019721014,Perry The Feeder,NSW,,-32.9017,151.7427416
10678176281,Pilgrim Coffee,TAS,,-42.8803767,147.3285634
10774441290,Marlowe’s Way,NSW,,-33.8639983,151.2085663
1784561002,The Good Place,TAS,,-41.0527776,145.9062073
9675838016,Halal Food Treasure Cafe,NSW,,-33.9247423,150.9246774
250733770,Unnamed cafe 250733770,SA,,-34.8445784,138.5069304
9789408307,Cafe 63,QLD,,-27.7175065,153.2066815
10196364321,La Frasca,VIC,,-38.3604297,144.8902681
4058785560,Circle Expresso,QLD,,-28.0011203,153.4281352
4976630321,Station Stop Cafe,VIC,,-37.9932298,145.0761614
7281889189,Nonabel Cafe,NSW,,-34.4217242,150.9064444
7848463919,The Coffee Club,VIC,,-37.7657426,144.9225764
13346862570,Franky & Co.,NSW,,-33.8287778,150.951377
11242557937,Leichhardt Espresso,NSW,,-33.885804,151.1571757
5695733943,Jamaica Blue,VIC,,-38.1074656,145.2825636
10312257533,Noble Roasters,NSW,,-33.8978494,151.2126432
11459928424,Café De Casablanca,NSW,,-33.8746702,151.2086548
2430584257,Unnamed cafe 2430584257,QLD,,-27.2271809,153.1147777
4422281596,Dal Santos Deli,QLD,,-19.5733295,147.4090583
1681513606,Malmsbury Bakery,VIC,,-37.188828,144.3838942
12323050392,Balwyn Espresso,VIC,,-37.8129796,145.0837066
9369045765,Gloria Jean's,NSW,,-34.0745225,150.8052061
13603515636,Zarraffa's Coffee,QLD,,-27.9863877,153.4115252
12753354314,Capital Grind,ACT,,-35.2821075,149.1323559
10184811489,Hoshino,VIC,,-37.8130306,145.2477798
13144325846,Neptune Kiosk,QLD,,-28.0984262,153.4585932
13095713852,Durks Cafe,NSW,,-32.9371528,151.6980496
10304005326,The Hatter and the Hare,VIC,,-37.8414096,145.271023
5960412472,City Limits Cafe,QLD,,-27.4773572,153.0126197
9900735172,Paradox Coffee Roasters,NSW,,-33.8317715,151.2235075
9722466760,Canter & Colt,QLD,,-27.3701329,152.8873126
3009683337,Degani Melbourne Road Drive Thru,VIC,,-38.068533,144.377983
3568163507,Little Birria Mascot,NSW,,-33.9229928,151.1777502
968357495,Druids Cafe,VIC,,-37.8089487,144.9632842
4927634255,Tide Café,NSW,,-33.8706834,151.2548383
11466832539,Cafe Kinetic,VIC,,-37.8153921,144.9709267
10217072913,Manubread,TAS,,-41.418459,147.1343521
5729469924,Seabreeze,QLD,,-18.2652445,146.0270062
1731497378,Eggless,SA,,-34.9531228,138.5896161
3782779457,The Local Cafe & Garden Bar,QLD,,-27.9787201,153.4251812
10779007505,QAC Cafe,QLD,,-27.4721201,153.0185285
7099231841,NaMoo Cafe,QLD,,-27.9231985,153.2009768
11340538869,Sweetbrew Coffee House,TAS,,-41.9280355,147.4935607
13011140766,VANS and Cafe,VIC,,-37.6560947,144.4372005
10977924559,A Little Different Cafe,QLD,,-25.6246634,151.6093472
6744048020,The Grumpy Cup,NSW,,-33.7135883,151.297124
4092067567,Oran Park Town Cafe,NSW,,-34.0008453,150.739837
1869713086,Salty Cow,VIC,,-38.1711781,144.7170459
11145291954,Oliver Brown,NSW,,-33.8235079,151.1948425
5142262314,Brickhouse Cafe,QLD,,-27.4233804,153.0735268
9982864325,Grounded Coffee,NSW,,-33.7618682,151.2144417
1276720519,The Corner,NSW,,-34.7577138,149.7155521
9378298834,Stella Bistro,NSW,,-32.4014609,151.7578895
8343638240,Jo & Co. Cafe,QLD,,-27.6392973,153.0455551
7886547966,Kalbarri Skywalk Kiosk,WA,,-27.5547241,114.4337694
4863086624,Belltop Cafe,QLD,,-27.4946476,153.0141618
12486272002,Ohh Tea,QLD,,-27.5005199,153.036241
8589285317,Next Door Espresso,NSW,,-28.1915464,153.5359896
11905600093,Heartbeat Cafe,ACT,,-35.2718281,149.045813
11998121137,Jumping Start Cafe,ACT,,-35.2188117,149.1418881
10749464674,Three Beans,NSW,,-33.817777,151.0020369
12774282050,The Riverview Garden Cafe,WA,,-32.6292866,115.8744223
12175803205,Gocha Cafe,VIC,,-37.8103157,144.9625334
8460982647,Lime Line Cafe,NSW,,-33.8167156,151.0051555
7077182876,Coffee Tea & Me,NSW,,-33.8895318,151.2586915
13542002077,Ella Sando,SA,,-34.9246436,138.5979704
958625485,Jumbo Cafe,VIC,,-37.9229501,145.1345721
12600446015,cafe metrio,NSW,,-33.9128013,151.1044029
4041048210,Brewed Tea,VIC,,-37.9498587,145.1511854
12888259931,Bean There,QLD,,-27.5698195,153.0621295
4308263764,Mirror Image,VIC,,-37.8518463,145.0301339
13535247085,Little Genovese,QLD,,-27.4892502,153.0547394
13368514302,Port of Call,VIC,,-37.9516255,145.0043457
1282403409,Speck,VIC,,-37.8133966,144.9597518
13264521711,Unnamed cafe 13264521711,NSW,,-34.2061444,150.5695835
13660319727,Unnamed cafe 13660319727,NSW,,-29.4276661,147.9796434
4879682510,Chinta Cafe,WA,,-31.9263417,115.8499713
2849821022,Foremost,VIC,,-37.8132871,144.9410614
7173814065,Abbots and Kinney,SA,,-34.9228254,138.5913911
13404013107,Dôme,WA,,-31.9025363,116.1686229
3271954359,Cafe C,QLD,,-26.7173654,153.0629816
5009375210,The Global Local,VIC,,-37.8599111,144.6662391
11632826005,Coffee Jo,QLD,,-27.493207,153.0470866
7725802752,Gotcha Fresh Tea,VIC,,-37.8491448,145.1342583
9099592334,Aroma Café,WA,,-32.070242,115.8462508
2019927127,Muzz Buzz,WA,,-32.0850552,115.9184597
4772314257,Pi Café,VIC,,-37.9174161,145.153981
7111475266,Geordie's Café and Art Gallery,WA,,-31.9906412,115.5252999
6741639644,iBean,VIC,,-37.8212385,144.9453255
9506358860,Fox's Store,NSW,,-31.7674793,150.8378253
2307455357,Food Co,NSW,,-37.0651685,149.9060159
7432879558,Crepe Kamon,QLD,,-27.4806209,153.0106238
3791105138,The Garden Cafe,NSW,,-35.7529987,150.1626702
1575141714,The Boulevard Cafe On The Lake,SA,,-35.56333,138.6044851
4292131689,Unnamed cafe 4292131689,SA,,-34.9986883,138.6226591
663504008,A Kiss Xpresso,VIC,,-37.8152071,144.9722311
12926918724,Swell,WA,,-31.7855544,115.7340672
12816765690,Drzle,QLD,,-27.4473927,153.0448265
9192837265,Belle Central,NSW,,-28.8698195,153.560187
9574230392,The Grounds Keeper,NSW,,-33.7661268,150.9026369
342658341,Coast,WA,,-32.034888,115.7456628
10170587532,Thyme Cafe Bar,QLD,,-27.9791717,153.4248428
3830249758,Busy Bee Bodega,SA,,-34.908996,138.5967533
2932745263,Kaffeino,VIC,,-34.1841613,142.1612307
9591539817,Grain Bakery WA,WA,,-31.9610232,115.8136599
1157256561,Unnamed cafe 1157256561,NSW,,-34.0547181,151.1524517
13726369539,XS Espresso,NSW,,-33.7185172,150.9541751
12103596281,Unnamed cafe 12103596281,NSW,,-34.0351316,151.0848386
9369124989,Khafe Co.,NSW,,-34.0675246,150.8140061
2775879219,Dôme,WA,,-28.7724931,114.6087714
6325242058,Newport Bowan Bakery-Cafe,NSW,,-33.6538931,151.3215677
8393099331,Battle Cafe,VIC,,-37.8077496,145.1638026
5733315822,Toast Espresso,NSW,,-29.69147,152.9329605
3687629997,Bar Sala,NSW,,-34.0165605,151.064213
633160572,Uptown Jazz Café,VIC,,-37.8021833,144.9776109
11186845933,The Timber Crate,QLD,,-27.1517823,149.0683689
9263386994,Laneway 86,QLD,,-27.5108518,153.0323829
11752061215,Unnamed cafe 11752061215,WA,,-31.9523898,115.8510286
2156912198,Unnamed cafe 2156912198,VIC,,-37.8667644,145.0853288
9832411879,Sweet Ness Cafe,NSW,,-35.9134089,145.688379
4010457754,Station Street Cafe,VIC,,-37.7004104,144.7741532
762745694,Unnamed cafe 762745694,NSW,,-33.7552955,151.2960786
13302338526,Bedst,ACT,,-35.2825657,149.133556
9261980666,Unnamed cafe 9261980666,NSW,,-31.4590587,152.820244
9284579660,Freckles Cafe,NSW,,-29.7727138,151.1124068
12254587989,Sage's Cottage,VIC,,-38.1985641,145.1354439
10279114530,Middle Mist Cafe and shisha Lounge,VIC,,-38.0347875,145.2836625
12908670118,Birallee Restaurant & Cafe,VIC,,-36.1274938,146.864257
4010348950,The Chocolate Dragon Fly Cafe,VIC,,-37.8559952,145.3159802
1473973218,Jack’s,NSW,,-33.8899877,151.2830566
6968600628,Wellstead Café,WA,,-34.435052,119.3618987
12311471853,Senso,WA,,-32.0339182,115.8361095
12387892002,Utopia,WA,,-32.045874,115.8125867
12836683703,Starbucks,WA,,-32.0788409,115.8430199
10251607741,Moss Bros Dessert & Brunch Cafe,NSW,,-33.690663,150.9259086
10738318508,Bluebottle,NSW,,-33.7984836,151.2874002
1748445479,Hobbits Cafe (Crêpes Aubras),NSW,,-33.8896724,151.2808646
8559170866,Sugar Cubed,NSW,,-33.7959487,151.1806506
2691973448,Natalesha's Cafe,QLD,,-21.4241828,149.2183312
9494136519,101 Kissa,NSW,,-33.8874563,151.1989971
5678618185,The Local,NSW,,-29.7374673,151.735881
5069114785,Merlo,QLD,,-27.5093622,152.9958898
9441684313,The Pepperberry,NSW,,-31.4294308,152.9065718
5421435377,The Stores Espresso,QLD,,-27.4856144,153.0021499
6831852048,Gapsted Winery,VIC,,-36.5203809,146.6841665
600621369,Bacman Orange,VIC,,-38.2808721,144.4919984
2067992292,Greensleeves Coffee House,VIC,,-37.7832356,144.9821608
10700668961,Bites & Brew,NSW,,-32.5663062,151.1647365
6832765973,Almost French Patisserie,VIC,,-37.8254052,144.9943865
2125897845,Pastizzi Cafe,NSW,,-33.9031967,151.1795324
11007172673,The Bakers Cafe,NSW,,-28.2971424,153.5707542
13469936748,The Laneway,NSW,,-34.0528872,151.1216695
3508046072,Espressorico,NSW,,-33.9594767,151.1524282
9748635729,L'Opera Cafe,WA,,-32.0202572,115.8353881
12277763469,Fare Enough,VIC,,-36.7503618,145.5705089
11747336057,The Lifebuoy Cafe,TAS,,-41.3219552,148.2501392
13783844600,Little Avenue,VIC,,-37.8140276,144.9597575
12420883151,Boo's Place,VIC,,-35.3403944,143.5609351
11263618320,Black Eik,NSW,,-33.9353645,150.8457891
3779127714,Le Chile Cafe,QLD,,-27.922425,153.2005337
2999805561,Heart Art Café,NSW,,-32.8891286,151.7063505
11596694746,Festal Cafe,WA,,-32.0549231,115.7485346
8254069444,Pie Face,NSW,,-33.8201478,151.026796
4765892322,Sample Coffee,NSW,,-33.8867239,151.2091369
5008555296,Unnamed cafe 5008555296,VIC,,-38.1389376,145.1521001
9503422959,The Corner Cafe & Takeaway,NSW,,-33.3531659,149.9813897
11062905767,Lucid Pure Vegetarian,NSW,,-28.3277879,153.3962028
13449342101,Plus Coffee & Kitchen,VIC,,-37.8057622,144.9602544
457896925,63 Degree Espresso & Bar,TAS,,-42.8900289,147.3331762
6991430547,The Licensed Grocer on Balmain,ACT,,-35.2845169,149.1166971
12223609725,Unnamed cafe 12223609725,NSW,,-33.8821387,151.2278447
12841032695,Small Asian Cafe,WA,,-31.6899317,115.719033
6938894061,Sippy Tom,QLD,,-27.4538251,153.048894
5217624049,AB Bakery Dandenong,VIC,,-37.9890925,145.2140879
9669508659,Hot Shott,QLD,,-27.9797911,153.4249942
6199796585,Birdwood,NSW,,-33.8138971,151.1694342
12112079380,The Boulevard Food Store,VIC,,-37.8209127,145.1047763
8726773725,Clio Cafe,SA,,-34.9228435,138.601323
5720541554,Fusion Cafe,NT,,-12.3918133,130.8584909
12692149257,Marble Boba Tea,QLD,,-27.9633983,153.3849067
4229782292,Unnamed cafe 4229782292,WA,,-31.7503297,115.8017788
12508506585,Waves,NSW,,-33.4650372,151.4330839
7021632823,Lobbs,VIC,,-37.7633023,144.9626302
8388426486,Snowy Vineyard and Microbrewery,NSW,,-36.4786117,148.774251
8448376386,Fresh Denman,NSW,,-32.3896472,150.6874542
4036222200,Tom & Gerry's Cafe,NSW,,-33.8641929,151.2038195
10555791843,Acres of Taste,WA,,-32.6697303,118.1554692
6138840893,Vacation,VIC,,-37.8159177,144.9721312
5362547116,Vertue Coffee Roasters,VIC,,-37.7976778,144.9683437
10221078533,Cedunas Blue Dolphin,SA,,-32.1259216,133.674122
13312293251,Burro,SA,,-34.9137859,138.4980684
6089182123,French Cafe,VIC,,-37.7781815,144.8507132
6340830369,Reid Library,WA,,-31.9787999,115.8180693
4057783996,BrewBros,NSW,,-33.8727696,151.2042134
13720353549,Café Da Vina,QLD,,-27.4633202,153.0273778
316087458,Basecamp Cafe Burnside,SA,,-34.9399843,138.6601134
10600372601,Seawall Cafe,TAS,,-43.1277703,147.2497166
12965606494,Catalogue,VIC,,-37.7776302,144.970984
11035088285,Raw Energy,QLD,,-27.6808336,152.9006971
13179549588,Basil Nut,NSW,,-33.6995041,150.5674284
1121138568,Unnamed cafe 1121138568,NSW,,-33.9598,151.1537166
13073352780,Dame,VIC,,-37.8140961,144.9724831
10981819788,Brooklyn Boy Bagels,NSW,,-33.8812143,151.210432
12787326401,Willunga General Store,SA,,-35.2724971,138.5552618
12295500978,Halcyon Coffee Lounge,QLD,,-27.4247524,153.0341946
4030807080,Harvest Food Store,WA,,-31.9412958,115.9742142
10010494122,Monza Carspa & Cafe,VIC,,-37.7526605,144.9454812
2075767201,Unnamed cafe 2075767201,NSW,,-33.7606187,151.128447
6819714773,Theo,NSW,,-33.879486,151.1994421
10675904881,The Crows Nest,TAS,,-42.8797956,147.3235513
12591613150,Village Vibes,NSW,,-33.8315125,151.1862662
10082994759,harris.miller cafe,NSW,,-33.8699385,151.1937323
5227802714,Preeti Creations Coffee,VIC,,-37.9879322,145.2124841
2949115407,On the Run cafe,QLD,,-27.743835,153.2242918
2332680378,Something Fabulous Cafe Wine Bar,TAS,,-41.3226471,148.2502709
13207740375,Tonino,SA,,-34.9528687,138.5997907
12119440651,Bourke Street Bakery,NSW,,-33.8377251,151.208133
12117849341,Brix & Beans,NSW,,-33.856977,151.2033688
11301253941,Marche Board Game Cafe,VIC,,-37.8091379,144.961732
4041045870,Gotcha,VIC,,-37.9507823,145.151349
324235987,The Foodary,VIC,,-37.0638186,145.1002471
726966581,Healthy Nibbles,VIC,,-37.810031,144.970707
10050036996,Unnamed cafe 10050036996,QLD,,-28.2083309,152.023725
5892492052,Happy Sip,NSW,,-33.7962262,151.184431
816454450,Bluebird Cafe,NSW,,-35.2212273,146.7156748
12065608770,Headlands Coffee,NSW,,-33.8936367,151.1427893
857963436,Quint Cafe,VIC,,-37.809917,144.995821
5738839962,Nuggets Cafe,NSW,,-33.894663,151.1994675
738798972,Unnamed cafe 738798972,WA,,-31.9524899,115.8732712
13838644149,Champi Express,ACT,,-35.3436884,149.0846413
6872651457,The Weston Eatery,NSW,,-33.8873436,150.9429906
6267321163,Chatime,NT,,-12.471702,130.9827309
11121243078,Roxy Lane Cafe,NSW,,-28.6221322,153.0031534
11498797669,Tokyo Lamington,NSW,,-33.8969992,151.1784254
11607743505,18 Pence Lane,VIC,,-37.824583,144.9452578
6477383656,Shelley,NSW,,-33.8655457,151.2027923
10880401930,Lunch On 107,SA,,-34.9443199,138.6131589
2515500382,Love Cafe,QLD,,-28.657962,151.9339207
8858673630,Dahab Cafe,NSW,,-32.251825,148.6026747
11068179412,The Flying Pan,SA,,-34.9604288,138.6264445
7125023650,Cafe Blue,VIC,,-37.0690113,143.4052806
9710317880,Wilmas on The Yorke,SA,,-34.4230638,137.9165518
10050054215,Press at Noosa,QLD,,-26.3984882,153.0899218
7008911327,Mansfield Coffee Merchant,VIC,,-37.0512728,146.0879272
4727817279,Little Olive Leaf Cafe,WA,,-32.0533717,115.8143251
8613799501,Gracious Grace Cafe,VIC,,-37.7559726,145.3535025
9465241473,Koko Black,WA,,-31.9821334,115.7800224
13820913497,Ch-Ch-Ch-Ch-Changes,ACT,,-35.3442499,149.0864317
10207311009,Zarraffa's Coffee,QLD,,-27.6304934,152.9865757
11947627380,Il Locale,NSW,,-34.7752399,150.6956058
11815806670,Sede Cafe,VIC,,-37.284426,142.9285853
617482595,Lil Luca,QLD,,-27.4724402,153.0281956
2327083483,Wild Honey,VIC,,-38.1075864,147.0650115
9368927910,Glass Cafe,NSW,,-34.4502893,150.4507057
12234232418,Aggy’s Corner,NSW,,-33.7905127,151.261361
10692334593,Pie Face,QLD,,-28.0456615,153.3680214
11082883229,Coffee in the Cove,NSW,,-32.6657737,152.0403766
11591557184,"""Bake, Table and Tea""",NSW,,-33.4165215,149.5794582
13706967744,The 1000 Steps Café,VIC,,-37.889187,145.3174435
9898882995,Hudsons Coffee,VIC,,-37.6706365,144.8485585
3134371470,Eskdale Cafe,VIC,,-36.4642967,147.2527599
5839127339,Delicius Rolls,NSW,,-33.8992072,151.1711042
1717885128,Caffissimo,WA,,-31.9550769,115.855837
12050579938,The Coffee Emporium,NSW,,-34.6670148,150.8505256
11010472815,The Little Pantry,WA,,-31.9562325,115.8154833
5222571626,Retro Cafe,QLD,,-25.7289468,152.5831742
12620133027,Brewscape,NSW,,-33.7621294,151.2145292
5235562961,Espressomento,SA,,-35.0671596,138.8578582
12745910387,Muffin Break,NSW,,-33.3088002,151.4121574
12879881963,Betty Blue Coffee Van,VIC,,-38.2621155,144.5296603
1149378370,The Big Barramundi Garden,QLD,,-16.2501757,145.3181612
6239147796,Café Ruche,VIC,,-37.954996,145.0326612
4811526718,Camy's,NSW,,-33.9230829,151.1856412
9906771240,Malt Kitchen & Pantry,VIC,,-37.8270209,144.9665969
2512733018,The Coffee Club,QLD,,-27.4601905,153.0369251
5388536547,Le Roi Cafe,VIC,,-37.9823117,145.0647515
7254735956,Unnamed cafe 7254735956,QLD,,-26.5271614,153.088137
9123171467,Cream Town,VIC,,-37.0576388,144.2179522
12404245277,Boost Juice,NSW,,-33.8491363,151.0489756
6813431085,The Alchemist Espresso,NSW,,-33.8216742,151.2152309
11646889464,Albermarle Cafe,NSW,,-33.9126778,151.1471676
8613879618,Locavore Cafe,VIC,,-37.7575402,145.3484485
11065108855,Ohana cafe and ice creamery,NSW,,-35.1572124,150.5994196
1160735130,Kyst,WA,,-33.6451376,115.3432972
8523254920,Lettuce Graze Cafe,QLD,,-27.2706397,152.9783512
5148783921,Toucan Cottesloe,WA,,-31.9972231,115.7623722
10267130867,Beechwoods Cafe,QLD,,-16.4598983,145.373489
12042701942,Petit Cafe,QLD,,-23.5851486,148.8844204
8724116100,Mudgee Corner Store,NSW,,-32.5993676,149.589276
13837005129,Milson's Cafe,NSW,,-33.8453661,151.2110854
3905530349,St. Brew,VIC,,-37.8196739,144.9511872
9913693554,Farm Bethal,NSW,,-33.7754682,151.2173565
2765919908,Sienna Marina,NSW,,-33.8694174,151.2202113
9157632938,Yarra Organics,VIC,,-37.7377823,145.154718
5748029012,2.0 Coffee Co.,NSW,,-33.875738,151.2157181
2112873937,The Bean Room,VIC,,-37.810158,144.96662
13382409005,Whyld Coffee,SA,,-34.8907511,138.6024425
12185275282,The Waterford Coffee Pot,QLD,,-27.6899939,153.136174
9354608736,Natural Choice Cafe,NSW,,-33.7527349,150.6941581
9070327048,Evolve Espresso Bar,QLD,,-27.064834,153.1568037
7706149756,The Fountain of Juice,QLD,,-27.9231404,153.2014912
12650746126,Café Mulga Bill's,QLD,,-27.4720751,153.030915
9892414354,The Roses Cafe & Catering Co.,NSW,,-34.7551979,149.7154726
4687833342,Unnamed cafe 4687833342,SA,,-34.9619086,138.6431908
4041048202,Toppings and Tea,VIC,,-37.9505895,145.1513876
18323771,H Pantry,NSW,,-33.8947098,151.2333311
11737924638,Calabrisella,NSW,,-35.0101678,150.6966317
5760922163,Bay Ngo,NSW,,-33.918462,151.0322105
1084662538,Side Plate,NSW,,-33.8922673,151.2144584
10656531627,Aurelias Ice Creamery and Cafe,WA,,-33.868305,121.8919742
6424615643,Simplicity Cafe,NSW,,-33.8668228,151.2015646
4882392224,The Bistrot,WA,,-32.0924449,115.8408738
6556446236,Gong Cha,WA,,-31.9464072,115.8608229
585124530,Cafe Alibi,ACT,,-35.281214,149.124724
9894435563,fresh+,NSW,,-33.7037027,151.1124447
6273054693,The Lamb,VIC,,-37.7717369,144.9614716
7472973199,Neutral Grounds,ACT,,-35.2422993,149.0594394
2525998690,Lucien Baked Goods,NSW,,-33.8138397,151.0092867
9948641700,Louis Baxters,WA,,-31.9446482,115.8236414
3954505533,Two Franks,VIC,,-37.747367,144.9535764
5283411562,Spilt Milk,VIC,,-37.8889789,145.0567426
4875275010,Aroma cafe,SA,,-34.9242028,138.5946791
11254565661,Saltwater,NSW,,-34.6696887,150.8531771
9404528719,Local cafe,VIC,,-37.3017445,146.137595
6979390890,Jamaica Blue,WA,,-32.0574694,115.8801977
11978372669,Déli/sia panino & espresso,NSW,,-33.8833082,151.1807436
11923510716,Unnamed cafe 11923510716,NSW,,-33.8289613,151.2442787
3617522857,Max + Sons,WA,,-31.9518738,115.8582949
13201870684,Grumpy Cat Cafe,QLD,,-27.4385232,153.041052
3846006629,Di Bella Coffee,VIC,,-37.8101565,144.9571385
10762277005,Barefoot Barista,QLD,,-28.1211501,153.471513
7723386823,Little Messa,NSW,,-36.4155572,148.6209561
1648068662,Unnamed cafe 1648068662,NSW,,-33.86142,151.2044455
9574992216,Pretzel World,VIC,,-37.9584624,145.0552778
9140188717,Gloria Jean's,VIC,,-37.8175896,144.951687
13300720301,Double Maker Coffee,QLD,,-27.4729508,153.0275845
880535195,Gallery 5,QLD,,-17.2686935,145.4740413
12541508673,Kiitos,ACT,,-35.2900312,149.1438217
6372122557,The Good Bits Co,NSW,,-33.4269024,151.3423655
13704741616,paper & cup cafe,TAS,,-41.381523,146.3237281
5740046804,Catalina Coffee Co,QLD,,-27.5334886,152.9486086
11034048961,Planet Smoothie,VIC,,-38.1464903,144.362897
6437763437,Le Bon Melange,ACT,,-35.1825928,149.1353211
4845384330,The Coffee Club,QLD,,-27.2425331,153.0188101
2124841749,Wild Yam Health Foods & Cafe,VIC,,-38.0066093,145.086842
11322953274,Unnamed cafe 11322953274,VIC,,-38.606465,145.5887656
7581508119,Lift Cafe,QLD,,-27.4824049,153.0188549
20979934,Cafe Organics,NSW,,-33.8904943,151.2736416
9983421748,Cafe XoXo,TAS,,-41.1791751,146.3605581
10589800922,The Coffee Club,WA,,-32.0403576,115.9046269
11593473167,Unnamed cafe 11593473167,NSW,,-33.9146674,151.1659142
5243876880,Persian Darbar Cafe,VIC,,-37.9851745,145.2120461
6569452885,Chocolateria San Churro,NSW,,-33.7971706,151.1832455
4728819519,Dôme,WA,,-33.3372495,115.6599636
12164729690,Catbird Cafe,ACT,,-35.2878158,149.1379427
4336345993,Koko Black Chocolate,VIC,,-37.8143703,144.9640406
9206629020,St Dreux,NSW,,-33.8418782,151.2189712
6424366485,Hardware Societe,VIC,,-37.8200942,144.9566093
602907492,Hello Cafe,ACT,,-35.2895486,149.1542264
11900026704,Whiporie General Store,NSW,,-29.2824588,152.9891486
11065166137,bean2sussexcafe,NSW,,-35.1570628,150.5991609
8009577586,Cobbitty Bakehouse,NSW,,-34.0154759,150.6821542
10572019844,Henry Lee's,NSW,,-33.7762452,151.1205924
3610730234,Caparezza,SA,,-34.9240848,138.6007827
2390343299,Unnamed cafe 2390343299,VIC,,-36.5763471,143.8686958
5638787972,Calavera Cafe,VIC,,-37.7388532,145.0021592
6967585425,Caseys Cafe,NSW,,-36.2194573,150.132235
12573396219,The Columbian Coffee Co,QLD,,-26.6719312,153.0911769
3793692662,The Stack Shack,NSW,,-32.897027,151.7366593
5301446530,Blackbird & Co,NSW,,-33.9066581,151.1876399
12600103633,Flying Bear,NSW,,-33.8449413,151.2153795
1292942930,Water Tower Cafe,QLD,,-17.5288356,146.0346109
9438401956,Bould Bean Cafe,QLD,,-26.7351019,153.1216097
4424489393,Hanbury,NSW,,-32.9016858,151.7313281
8489852357,Old Railway Cafe,QLD,,-19.2646277,146.8131166
7236403367,Goodie Goodie Gum Drops,NSW,,-33.5546901,150.6653921
9017052648,The Coffee Club,QLD,,-27.3058756,152.9893042
5195526358,Milan Teahouse,VIC,,-37.9506757,145.1515118
5152973023,Travelling Bandit,VIC,,-37.7916567,145.0936385
13728531163,Deux,NSW,,-33.8384584,151.2059645
13520520389,Contraband Coffee Traders,VIC,,-37.7690945,144.9722765
6975777077,Kate‘s Place,WA,,-35.0271841,117.8868338
12870015032,Cafe 63,QLD,,-27.1811082,151.2669611
12206188825,Hardware Cafe,NSW,,-30.521552,151.6802493
6395662986,The Walrus,NSW,,-33.8740012,151.2083622
11103526106,Friends with Florence,SA,,-34.9810228,138.5786894
6959964692,Benesse,WA,,-33.3236135,115.6367745
5272723080,Era Espresso,NSW,,-30.5128781,151.6638104
8301222817,Made Barber and Barista,QLD,,-28.1447499,153.4964868
12385638232,Beachys' Coconut Cafe,QLD,,-17.9364376,146.0944284
20958865,The BnG Cafe,NSW,,-33.8766716,151.1974515
4592852399,Sutton's juice factory,QLD,,-28.5499787,151.9524104
5980632041,Empire Shisha Bar,VIC,,-37.7449109,144.8007499
10103015920,Soul Origin,SA,,-34.9240462,138.6012869
7209636686,Central Grounds,NSW,,-33.9674055,151.1027668
10779106135,Coffee Central,NSW,,-29.7372726,151.7359711
10036318515,Coffee Cart,QLD,,-20.3477583,148.9578365
12478150413,Sharetea,VIC,,-37.9114064,145.13442
5802924855,Parisian Baker,VIC,,-37.744175,144.90915
10272780387,Archer Specialty Coffee,QLD,,-27.2412514,153.0166986
2495726700,Argos Loves Company,VIC,,-37.803143,144.977468
8914941227,Station  Cafe,QLD,,-17.2768886,145.4724538
322735747,Coolah Bakery,NSW,,-31.8243435,149.7198091
11840755849,Gather & Trade,WA,,-31.9511742,115.8541354
6484994347,Good Pantry,SA,,-34.8241683,138.8851532
10695836942,San Marzano,NSW,,-33.874314,151.2051373
11320384493,Rhodo Tea Room,NSW,,-33.6268331,150.2885743
2457556587,Side Pocket Cafe,VIC,,-37.8131735,144.9557748
5996636678,Bahista Cafe,NSW,,-33.8751882,151.2094261
1789975262,Cann River Cafe,VIC,,-37.5662373,149.1517413
11789489590,JUNE,NSW,,-33.7806679,150.9798848
13699841815,Coffee House,NSW,,-34.43748,148.7167297
6528278702,Ministry Cafe,NSW,,-33.4084063,151.3508557
10235187215,Godiva,VIC,,-37.8848043,145.0838227
5808138507,Black Spring,QLD,,-27.4992059,153.045353
3230870934,The Coffee Club,NT,,-12.4633733,130.8399384
12612318275,Origins Cafe,QLD,,-28.0062442,153.4290411
2368368035,Banjo's Bakery Cafe,TAS,,-42.895117,147.3269561
9935539263,Bagels & Co,VIC,,-37.7624758,144.9627688
3980847352,Unnamed cafe 3980847352,VIC,,-38.401671,144.8120457
6017200045,HA Espresso,VIC,,-37.7433924,145.0029616
11328928969,Phillip Island Coffee Co,VIC,,-38.4491474,145.2391902
6016847188,Kez,VIC,,-37.9283415,145.1156526
1932202475,Hole in the Wall,QLD,,-19.326215,146.7603547
6489631751,Jack Gray,NSW,,-34.0587312,151.0812747
6174076667,Unnamed cafe 6174076667,QLD,,-28.1085517,153.4447894
2803273002,Unnamed cafe 2803273002,NSW,,-33.5987041,151.3246569
5884726285,MoJos,WA,,-33.321582,115.6370972
3148788160,Ladybugs,TAS,,-40.9899189,145.7237195
2251864918,The Street Cafe Aspendale,VIC,,-38.0271981,145.1025631
13704856873,Sofala General Store,NSW,,-33.0805545,149.6913471
7160120554,Megalong Valley Tea Rooms,NSW,,-33.6958711,150.2530158
11065166193,Inlet Bakery & Cafe,NSW,,-35.1566643,150.5998997
1691436211,Cafe Mila,QLD,,-27.5094481,153.2362016
420461737,Estabar,NSW,,-32.929089,151.7862455
13461456314,Caringbah Coffee House,NSW,,-34.0415,151.1218164
5973824696,Flour,QLD,,-23.1287541,150.7480692
13523106141,Melo Cafe,SA,,-34.8615724,138.66237
5936788852,Flinders Food Co,SA,,-31.8875491,138.4214874
2723322246,Forestry Cafe,VIC,,-38.096654,144.3548264
6726525664,Unnamed cafe 6726525664,WA,,-31.9712135,116.0593594
12485412434,Dijon Toasties,QLD,,-27.5192512,153.0501566
932371786,Glassworks Café,VIC,,-37.8047212,144.9881172
584904439,Atomica Caffé,VIC,,-37.7993698,144.9784906
12975326701,Naau Cafe,VIC,,-37.8099972,144.9670205
13686352964,The Sparrow's Nest,WA,,-31.9872218,115.9049904
4451690991,Zest Cafe,VIC,,-37.5999639,144.2262079
11011334661,Warkop,VIC,,-37.8126094,144.9729732
11699200334,Saint Florian,VIC,,-37.063504,144.2179756
11217078837,Red Velvet Lounge,TAS,,-43.1613753,147.0767995
6562607775,Full of Beanz,WA,,-33.3411176,115.6492715
12123149003,Laurent,VIC,,-37.7841025,145.1266971
3905904432,Degani Bakery Cafe,VIC,,-37.8199126,144.9505437
8490984790,Skyrise Pizza Cafe,NSW,,-33.8181365,151.0081935
11632347169,Cafe B2B,VIC,,-37.9016298,144.6603946
2396009492,Boost Juice,SA,,-34.8741053,138.5493081
11979588266,Cookabrew,NSW,,-33.5147008,151.3176303
6410873339,Global Village,NSW,,-30.953735,148.3882403
19170369,Bronte Kiosk,NSW,,-33.9035687,151.2676732
13366153148,Waves Cafe & Takeaway,NSW,,-33.7525162,150.6590876
11197070018,The Milk Bar on Alfred,QLD,,-26.4014969,146.2396293
3259390713,Native,NSW,,-35.3572111,150.4746053
6693544510,Who Shot the Barista,QLD,,-27.4792903,153.0117253
7262748755,Cafe lelunar,VIC,,-37.6530637,145.0210818
11287524036,Life of Pie,NSW,,-31.7656097,150.8418574
9385476812,Laurent,VIC,,-37.8394747,144.9963818
4242650075,Numero Uno,NSW,,-33.8859662,151.2076812
10203040293,The Gold Coast Coffee School,QLD,,-27.9687046,153.4134713
4965948821,Meet at 903,VIC,,-37.8875305,145.0273606
767561018,Dôme,WA,,-28.7686437,114.6121988
8549392063,Baked since 95,VIC,,-37.6863141,144.7387509
8431179555,Martini Coffee Lounge,TAS,,-41.0520885,145.9068478
7902511198,Nikki's Café On William,NSW,,-33.4176765,149.5814558
7682060383,Carriage Diner,WA,,-31.8894769,116.770589
11489079258,Three Beans,NSW,,-33.7681162,151.265425
4548498491,Casa by Schibello,NSW,,-33.9359382,151.1651686
475572614,Unnamed cafe 475572614,SA,,-35.1212937,139.2736041
2713515149,Latte Be,QLD,,-27.2417188,152.9938986
7387787138,Laneway specialty coffee,NT,,-12.4319245,130.844701
6380617663,Queen St Cafe,NSW,,-34.7758933,150.6968224
7143611424,The Little Mussel Cafe,VIC,,-38.114982,144.651099
9074996246,mama HAN's,NSW,,-33.6740243,151.3042352
7972062385,Ocean Brew,QLD,,-23.2565509,150.8254341
5031343379,Coffee Peddlr,VIC,,-37.8074085,144.9929792
448631264,Unnamed cafe 448631264,NSW,,-33.8732451,150.9577469
4934994430,Jezve Coffee,NSW,,-33.8716654,151.2624873
1072618054,The Premises,VIC,,-37.794335,144.9301651
5890093313,Kelp,NSW,,-33.8943369,151.2730214
5982976667,The Fish Shak,QLD,,-27.9656807,153.4171992
9604710277,Mildura Airport Cafè,VIC,,-34.23057,142.0845549
13571723338,Saltie.,NSW,,-33.8860626,151.2078094
7821549839,Via Battisti,VIC,,-38.2674527,145.0132717
11448312940,Arteics Cafe Bar,VIC,,-37.3886341,144.323321
793862096,Pop-Up by Patina,QLD,,-27.4982626,153.0102572
1456397197,Burnt Butter,VIC,,-37.833871,144.9607878
11888185785,Talwood Cafe,NSW,,-30.339883,152.711265
7106450888,The Marina Cafe,SA,,-37.1620287,139.752
7196223177,Broody Hen,WA,,-32.0469879,115.7525311
9988504420,Cafe2sixty2,NSW,,-34.2882624,146.0465294
5524799083,Sparrow Coffee,NSW,,-28.6434822,153.6131303
10575351893,Salvado Roadhouse Cafe,WA,,-30.9736131,116.2126318
9704518043,Smylie's Cafe,QLD,,-27.2386883,152.420854
10273552337,The Elizabeth Lounge,TAS,,-42.8819252,147.3288959
3807766080,Vincents at the Coliseum,NSW,,-32.9019446,151.7424964
13551049890,Unnamed cafe 13551049890,NSW,,-33.8823974,151.1825695
9025063127,A Bite in Time,VIC,,-38.077667,145.2510598
13274843859,Naidí Açai,NSW,,-33.894377,151.2266601
13332785000,Sana Coffee,VIC,,-37.9611028,145.0398175
12965675856,Florian,VIC,,-37.7906764,144.9714816
4320472212,Piccolocino,VIC,,-37.816772,144.9566717
6466559275,Yama QVB,NSW,,-33.8710928,151.2067789
20980090,Squeeze Cafe,NSW,,-33.8918667,151.2732141
8288988067,Wahwah Lounge,NSW,,-33.8977586,151.2100656
1728586646,Patti's Gourmet Pizza and Café,NSW,,-33.899357,151.194727
7816558500,Yvette's Place,WA,,-32.0355215,116.1059329
11474837244,The General Store - Saltbush Pantry,VIC,,-36.2495836,142.3947599
4292090399,MurrayTerrace Cafe,NSW,,-34.576218,142.745212
10832905229,Wogga Wogga,NSW,,-33.8768913,151.2435133
667236372,Bookplate,ACT,,-35.296665,149.13004
10213665448,Degani,VIC,,-38.3613445,144.8918802
12338933542,Machi machi,NSW,,-33.8745952,151.2065388
9311562966,Unnamed cafe 9311562966,WA,,-31.6486307,115.6983733
5714484703,Elysian Coffee Roasters,QLD,,-27.5115934,153.0541208
7087152249,The Kumara Patch,QLD,,-27.9803691,153.3836343
12800096946,Deco Lounge,TAS,,-42.8848288,147.3296711
11287716442,The Retro Vibe,SA,,-35.5329657,138.6815443
4125609889,Dolcetto,WA,,-31.9327099,115.8595161
6148689486,Daily Dough Co,NSW,,-33.2764687,151.4066941
20976835,Bygone Beautys,NSW,,-33.7142008,150.3331543
11699209596,Togs Cafe,VIC,,-37.0648223,144.2186911
2530153191,Cafenatics,VIC,,-37.8113734,144.9572301
7003660887,Froth,QLD,,-27.4587065,153.035522
13685663301,Baked & Co.,NSW,,-33.8749453,151.1070358
2525071478,Hudsons Coffee,NSW,,-33.8143786,151.0074538
11308618250,The Lost Dice,SA,,-34.9254239,138.5993906
6699837439,Mt Vic Beans & Bites,NSW,,-33.589447,150.255908
13039176401,The Betterbody Cafe,QLD,,-20.2891056,148.6768369
9878270417,Otis & Mave,WA,,-32.0551535,115.7446381
7140585005,High 5 Cafe,ACT,,-35.2382268,149.0669109
10234759746,Small Doses,NSW,,-33.8204296,151.1903781
11794965494,Paddington Grind,NSW,,-33.8859648,151.2285223
11021284007,Simple Bliss,QLD,,-27.6214325,152.9673619
13358590813,Sweet Whale,NSW,,-33.9445903,151.2233155
3477842190,Cadillac Cafe,VIC,,-38.0944439,145.4860543
389344780,Lunch on Angas,SA,,-34.9293449,138.610759
1068772826,Starfish Cafe,NSW,,-28.5395314,153.5513771
4580010586,Green Poppy,NSW,,-34.5784933,150.8691998
4937989482,Pie Face,NSW,,-33.8751545,151.2223802
8913367448,Unnamed cafe 8913367448,QLD,,-17.1545877,144.5237914
2263474975,Brighton Schoolhouse,VIC,,-37.9120422,144.9928294
4709336389,The Coffee Club,VIC,,-37.8122596,144.9379903
2507896851,Jorge's Cafe,VIC,,-37.7130505,144.8601378
6209672186,Bar Botanik,WA,,-31.9374797,115.8575333
9259692461,Mason and Eric Cafe,VIC,,-37.8075474,144.9042924
11578131798,Piccolo Coffee Roasters,VIC,,-38.3779451,142.4806288
613340094,The Hills Pantry,VIC,,-37.9099522,145.1894115
12882769140,Kimberley Cafe,WA,,-15.7739038,128.7396716
802666966,Savoy Cafe,NSW,,-33.7128344,150.3119826
2690659483,Saint Marks Cafe,NSW,,-33.9085805,151.2479082
13481539325,Cafe 555,VIC,,-37.8127526,144.9538333
8663686741,Split Espresso,NSW,,-30.3697349,153.099992
11340534369,Bridport Café,TAS,,-41.0020754,147.3929094
13461998935,Roastville,NSW,,-33.9079118,151.1634494
9962790245,Bubble Cup,VIC,,-37.8106485,144.9658383
968356670,Melba Café,VIC,,-37.8077581,144.9612787
13575022670,Tatler Lane,TAS,,-41.4379875,147.1388489
1601836283,Satisfaction Bakery Cafe,QLD,,-23.5523519,145.285258
6984570216,The Urban Coffee House,WA,,-33.6526515,115.3395967
13646960201,Social Butterfly Tea & Dessert,NSW,,-33.8695416,151.2066949
13718108215,Whalley's Beachway Café,WA,,-35.0168816,117.8912132
8852725294,Coffee Guru,ACT,,-35.1610955,149.1390893
5306361121,Qube on Bay,NSW,,-33.8825268,151.1949757
5583553885,Tea Square Cafe,NSW,,-33.7980652,151.1820645
6975724586,Espresso One,WA,,-35.021084,117.8829486
5599458145,Cafe Sofia,NSW,,-33.8999957,151.1851115
12278050712,Impresso Cafe,VIC,,-37.8122817,144.953649
10698432141,H Café,QLD,,-27.1940162,153.0291916
12479772709,People's Coffee,VIC,,-37.8172096,144.9599238
6707734684,Via Roma,VIC,,-37.7926959,145.071711
10112781043,Counterweight Vinyl & Espresso,VIC,,-37.8004413,144.899786
1815543240,Third Rail,NSW,,-33.8377776,151.197218
10081133551,Eggshell Cafe,NSW,,-33.8670538,151.2121482
9999349576,Silver Fox Cafe,NSW,,-33.9708603,151.0802057
13376694723,Piccolina,NSW,,-33.8762035,151.2433048
21555311,Bakery Cafe,QLD,,-27.5650926,151.9565814
457773723,Cafe Gia,QLD,,-27.4448869,153.0202714
10689683738,Machi machi,NSW,,-33.8790645,151.2024138
3937120038,Cafe 3EightNine,QLD,,-27.2627167,153.1039135
2266476356,King Street Cafe,ACT,,-35.3224268,149.0935579
9855579277,QC on Angas,SA,,-34.9301775,138.6016622
5388536576,Truly Scrumptious,VIC,,-37.9813487,145.0633267
5468457984,Rainmaker Cafe,NT,,-12.5062136,131.0090795
9520849409,Maxi's Caffe,NSW,,-32.9350208,151.7255638
12426782730,Mr. Cuppa,NSW,,-33.8149559,151.0019065
7081689985,Zarraffa's Coffee,QLD,,-27.2300057,153.1151539
10292522729,CoCo Fresh Tea & Juice,QLD,,-17.0912812,145.7860333
13622008532,Salt Cafe & Bar,SA,,-38.0548831,140.6988202
13823952354,Cotti Coffee,NSW,,-33.8392026,151.2085343
12088013004,Guru Coffee,ACT,,-35.3649711,149.09478
8340296135,Badger and Hare,VIC,,-37.9685883,147.0796438
7252153558,Seaside Emporium,NSW,,-33.5136456,151.3357817
8562204827,Bunch Coffee Co.,NSW,,-33.8307135,151.0875557
11382802588,Organic Grind,NSW,,-33.8448259,151.0744204
3412506697,Unnamed cafe 3412506697,NSW,,-33.5240261,151.3612387
943638413,Ready Lunch,TAS,,-42.881308,147.3278109
7252098787,Three Blue Ducks,NSW,,-33.9168988,151.2021666
6961162717,The reef bar cafe,QLD,,-19.1787799,146.8394893
4269671655,The Source Espresso Bar,NSW,,-33.8307927,151.2446902
747141544,Cafe 21,WA,,-33.2800865,115.71558
10590984075,124 Nyabing Store,WA,,-33.5413345,118.1486858
8940011708,Chatterbox Cafe,VIC,,-37.9012943,144.6617562
12466318816,Split Coffee,NSW,,-33.7624043,151.2948174
10958539996,Eb and Flo,TAS,,-42.9815696,147.3243637
1664181598,Shane O's Cafe,NSW,,-36.2158741,148.1291436
3889897791,In A Rush,VIC,,-37.8342625,144.9735094
9722699717,Muffin Break,QLD,,-26.7725733,153.1222407
10860502996,Batlow Bakery,NSW,,-35.5208486,148.1458129
1762722600,Pavilion Cafe,VIC,,-37.8131311,144.9812948
1738813259,Unnamed cafe 1738813259,NSW,,-33.8980151,151.1952609
7207671785,Cafe Lounge,WA,,-33.581477,120.0477438
7249195108,Sitting Room,QLD,,-28.2205433,153.2726516
6861513330,Birds & Bees Cafe,QLD,,-27.3914061,152.9752177
10234991002,Teddy Espresso,QLD,,-16.9000795,145.7442353
9708457426,Cafe on Manila,QLD,,-27.7146578,153.1998968
1814532795,Sirius Cafe,ACT,,-35.3410129,149.0845611
13013102485,Monte Lane,QLD,,-27.6144945,152.7559956
11224279646,Coutts Crossing General Store,NSW,,-29.8280409,152.8914523
2896381136,Honeymoon Patisserie,NSW,,-33.8964854,151.1535516
5100926621,Jolly Miller Cafe,VIC,,-37.790971,145.0952714
2355625409,Bean Around Bakery-Café,VIC,,-37.7881146,144.9913458
5111817535,Moons Espresso & Juice Bar,VIC,,-38.540238,143.9750741
2011700957,Roundabout Espresso,QLD,,-27.6338223,153.1401235
4757038921,Mortarboard Cafe,NSW,,-33.7720527,151.1166298
10616690932,The Jolly Miller Cafe,VIC,,-37.7302887,144.7437361
1032582077,Unnamed cafe 1032582077,NSW,,-32.7023153,152.0646836
6017200005,Cafe Lucchini,VIC,,-37.7392796,145.003942
11340726161,Shillinglaw Cafe,VIC,,-37.7166081,145.1460999
7016652486,Kennigo Social House,QLD,,-27.4567193,153.0301003
10611718247,Dancing Spoon,SA,,-34.980229,138.5135631
7101300856,Bread and Butter,ACT,,-35.3130175,149.1895806
6693784935,Dot Dash Cafe,QLD,,-27.4520229,153.0378781
12455697646,Tokyo Lamington,VIC,,-37.79679,144.96552
2493934759,Good Bros,ACT,,-35.2495678,149.1361434
12461966068,Rubrents,SA,,-35.1884104,138.4791936
4601057890,Aunty Lucy's Cakery,WA,,-32.0532937,115.7493536
12708684336,Swantons Organics Cafe,NSW,,-34.6388457,143.5624592
2251927611,Koochino Cafe,VIC,,-38.0222476,145.1176747
11590964125,St Andrew's Cafe,QLD,,-27.5398746,151.9333367
13648983228,Joker Cafe,NSW,,-33.9111775,151.1036486
6261169084,Wild Sage,NSW,,-33.8651092,151.2028529
5729370721,Sharetea,NSW,,-33.7963271,151.183112
6117388018,Squires Loft,VIC,,-37.9658724,145.0574186
6177699185,Oliver Brown,NSW,,-33.7040403,151.0996712
11607279152,24 Atoms,VIC,,-37.8253647,144.921733
2131650499,Kitchen Table Cafe,VIC,,-38.0262462,145.1010757
2088029675,element 6,NSW,,-33.8065755,151.0912653
6265100271,The Bakery Store,VIC,,-38.0634505,145.5074612
5796144468,Cafe Portman,NSW,,-33.904791,151.2051742
6942394726,Unnamed cafe 6942394726,NSW,,-33.7807603,151.1339968
12141277201,Nonnu's Cafe,WA,,-31.9489139,115.9199449
6822281418,Parklane Espresso,TAS,,-42.8875159,147.3323319
6741639519,Charlie Bit Me,VIC,,-37.8207115,144.94503
6422406304,Café Vita et flores,VIC,,-37.9452052,145.1756232
11045887262,Doctors Orders,QLD,,-27.9597256,153.3817266
5189476248,Hudsons Coffee,QLD,,-27.4040205,153.1101234
9250204099,Dark Tonic,QLD,,-27.3867427,153.0394412
5324391362,Lorne Surf Life Saving Club,VIC,,-38.5423558,143.9764045
2886422813,Sweet Belem,NSW,,-33.8961906,151.1537932
765040457,One For The Road,WA,,-31.7376224,115.7375393
20973797,Terrace Cafe & Bar,NSW,,-33.7290664,150.3011912
5872880622,Spuntino,VIC,,-37.6540585,145.0188795
10815888356,Strudels Cafe,VIC,,-37.7369137,144.8909864
11938539613,Merrymen,VIC,,-37.9394544,145.0007218
10222942914,Jack Xpresso,NSW,,-33.8931429,151.2019094
2131763847,Belchif Snack Bar,VIC,,-37.748861,145.029842
3753841966,Platinum Brew,VIC,,-36.1257355,146.8884
9708377625,Blackbutt Woodfired Bakehouse,QLD,,-26.8851533,152.1021966
11989119402,Unnamed cafe 11989119402,QLD,,-23.526325,148.1611455
2501285796,Elatte Cafe,NSW,,-33.9681794,151.0351219
9231095397,Unnamed cafe 9231095397,NSW,,-33.5064178,149.328911
9390985496,Stay Grounded,NSW,,-33.7335189,151.3016149
5982185651,Frankies,VIC,,-37.8091688,144.9633559
10679626479,Anna,NSW,,-33.8858256,151.2097325
12018640970,Flappy Bird,NSW,,-33.8843005,151.2016908
7103228145,Moor Newcastle East,NSW,,-32.928214,151.7853305
5641250241,Yallah Eat,NSW,,-33.9155526,151.2278964
9657413342,Mitchies Espresso Bar,NSW,,-36.8941613,149.9189203
619743415,Unnamed cafe 619743415,QLD,,-27.5351208,153.0150074
1833116182,CoCo Fresh Tea & Juice,NSW,,-33.884153,151.1976954
13399169901,Oliver Brown,NSW,,-35.1134549,147.3700877
12385638141,Joeys' Mission Beach,QLD,,-17.8675682,146.107796
6158558913,Cranky cafe,NSW,,-36.8959114,149.914892
2838873416,Espresso garage,QLD,,-27.4785773,153.006455
12062179320,eighty/twenty,ACT,,-35.4157622,149.0679883
10962936212,Indi,TAS,,-41.157912,147.5173791
8850072302,Oberon Pies & Pastries,NSW,,-33.7041341,149.8584947
13245070668,Supernumerary Coffee,QLD,,-27.5453442,153.0386506
5982841952,Horizon & Grind,QLD,,-27.5557201,152.9229716
10213620253,Big Galah,SA,,-33.1420519,136.4218451
5982617321,The Grumpy Baker,NSW,,-33.872854,151.2101034
11380602607,Pomegraniae Urunga,NSW,,-30.4961966,153.0207259
1803577028,Unnamed cafe 1803577028,VIC,,-38.2039376,146.0633261
327099817,Rosalie Market Cafe,QLD,,-27.4664336,152.9970741
12504104660,A PLACE coffee,SA,,-34.9056318,138.5754544
10164703804,Boost Juice,VIC,,-37.6513432,145.0721356
4741342666,Unnamed cafe 4741342666,NSW,,-32.7740715,151.2936432
10560890613,Teas and Greens,NSW,,-34.2288787,150.6829209
692994974,Nevermind Cafe,QLD,,-16.819644,145.635753
7034938785,Day Kitty,VIC,,-38.3832358,142.4811967
6985968485,Parade Espresso Bar,VIC,,-38.2668492,144.5227745
5433712321,The School of Life,VIC,,-37.8170674,144.9541163
8436766746,Cafe 2799,NSW,,-33.529015,149.2561342
1613890757,Banh Mi Co,NSW,,-33.8676523,151.1929004
10587986877,Da-Wish Food Station,NSW,,-33.5966347,150.7508891
5905743867,"""Piccolo Me Cafe, Bridge St""",NSW,,-33.8635388,151.2080673
11812920841,Franky & Co.,NSW,,-33.7333688,150.9627887
5338288747,Unnamed cafe 5338288747,NSW,,-34.4021766,150.85692
10652800205,Unnamed cafe 10652800205,NSW,,-34.8726681,150.6036071
4729036668,Unnamed cafe 4729036668,SA,,-34.8253721,138.8834458
11810571883,Little Soho Coffee Co.,WA,,-31.9536996,115.8539308
13063505756,Unnamed cafe 13063505756,VIC,,-37.7751086,144.9218205
8889911977,Two Teaspoons,QLD,,-27.5354799,152.9493691
11955849572,Unnamed cafe 11955849572,NSW,,-33.7917439,151.0813564
6308025288,Sette Cafe,NSW,,-33.8963355,151.1945765
9888622054,Jude The Cafe,VIC,,-38.3832957,142.4811513
9147134922,Marketcart,QLD,,-27.4455808,153.028504
4741562941,Myrtle Cafe,VIC,,-37.8029913,144.9073392
2310875886,Kirrawee's Quick Shot Cafe,NSW,,-34.0338436,151.0710322
2605964855,The Coffee Shop,QLD,,-21.0655198,149.1606803
6502002734,Stage Door,NSW,,-33.731398,150.9444528
4976522117,The Terrace Espresso,NSW,,-28.5405878,153.5521485
12114416670,North Sandwiches,NSW,,-33.8378086,151.2076122
13058794991,Unnamed cafe 13058794991,QLD,,-27.5366694,153.0011927
13187245268,Brighton Brew by Bobby,NSW,,-33.8873543,151.2792916
11270593998,Wombat Cottage Cafe,NSW,,-34.4235799,148.2446465
1747646802,Mt. Uncle Distillery,QLD,,-17.1119415,145.4128991
9704374651,Green Galah,VIC,,-36.2170877,147.177595
8156563123,MRKT Space,WA,,-32.0293414,115.7503778
6067959449,Brown Sugar,VIC,,-37.8153063,144.9642999
10294431251,Artificer Coffee,NSW,,-33.8635969,151.2215947
8914946589,Action Café,QLD,,-27.4768777,153.0050065
13433778983,Mrs Bs Cafe,QLD,,-17.9353438,145.9253925
654502795,Outpost,VIC,,-37.837392,144.993008
11433049815,Pie Face,VIC,,-37.5667415,149.1504474
13751785974,Gong Cha,NSW,,-33.8729588,151.0933729
4032643296,Unnamed cafe 4032643296,NSW,,-33.8849393,151.2139211
10977936381,Nourished on Capper,QLD,,-25.6250333,151.6100973
13588955875,Sips Cafe,QLD,,-27.5664114,153.2497241
13419129901,Double Pour,VIC,,-37.9274303,145.0494023
4077652511,Peaberrys,VIC,,-37.9663176,145.0553575
13604633052,Tokyo Yokocho,VIC,,-37.8074605,144.9634788
11496000273,Blu Aqua Kiosk,NSW,,-33.8840791,151.1195381
11418971200,Driftwood Cafe,NSW,,-35.3159687,150.4357231
12179630522,68 Blossom Cafe,NSW,,-33.893936,150.9344029
4738867376,Cafe Nourish,QLD,,-19.1173884,146.8613924
11197003278,Blended,QLD,,-26.4014635,146.2397487
6702087745,Muffin Break,NSW,,-36.081641,146.914887
10250551683,Pie Face,NSW,,-29.727529,151.7405181
567374645,Red Tails Coffee Shack,WA,,-31.9038961,116.1780249
13205965377,Cafe 3847 & Co.,VIC,,-38.1517475,146.7885302
8014817865,Roadhaven Cafe,NSW,,-34.7188573,150.0009164
11524581436,Sir Duke,VIC,,-37.7668607,144.9211773
4271421814,Gardens Tearoom,QLD,,-23.3995099,150.4907915
8399680541,Unnamed cafe 8399680541,SA,,-35.1176288,139.0382225
10811187018,Ashmore,TAS,,-42.7367846,147.4356075
11391778363,Muffin Break,WA,,-31.8772242,115.7784867
10213037786,Quest Coffee Roasters,QLD,,-28.0894542,153.4508361
1717885080,Barista 235,WA,,-31.9538617,115.8508856
11934080281,Sharetea,ACT,,-35.2381904,149.0650644
3200948461,Quality Cafe,VIC,,-37.8893673,145.0407525
5610748955,Relish Food Co.,NSW,,-33.8826161,151.2104546
3634413149,Poppylicious,QLD,,-24.8764863,152.3765657
8703352236,Unnamed cafe 8703352236,NSW,,-34.4269473,150.8880704
9401035354,Caffe Due Amici,NSW,,-33.9609963,151.0276838
9882485632,Regent Coffee Mooloolaba,QLD,,-26.6805295,153.118396
9028856005,Coffee + Office,VIC,,-37.7965615,144.9848355
12591921812,Leaf Lane,VIC,,-37.8451628,145.0021858
9098572739,Unnamed cafe 9098572739,VIC,,-36.3628744,145.4036458
12042313843,BP Duaringa,QLD,,-23.7205191,149.6686658
11466875024,Belrose Hardware Cafe,NSW,,-33.7020228,151.2112722
10148825675,Little Cultures,WA,,-31.9466971,115.8238788
1553613128,Little Saigon Cafe,SA,,-37.8320062,140.7835159
11533279340,NKB Express,QLD,,-27.5016964,152.9761593
11126522805,Café de la Fontaine,NSW,,-33.8730733,151.2246817
13674703836,Cafe on Corporation,NSW,,-33.4152162,149.5462222
10695825506,3 Galahs Cafe,VIC,,-36.1200954,144.7456874
12591869683,Window's Coffee,NSW,,-33.9206403,151.0312667
4951822887,Bar Latte,NSW,,-33.8789933,151.2360483
3817979464,Made in Sud,VIC,,-37.80833,144.9905463
5462013174,Unnamed cafe 5462013174,QLD,,-28.3420663,152.3713803
4220527190,The 2 Professors,QLD,,-23.3806919,150.5138332
8241518430,Zarraffa's Coffee,QLD,,-27.700701,153.1578987
10553905340,Harvest Cafe,WA,,-32.7816124,117.4998626
4971920183,Janice's Coffee Pot,WA,,-32.5323599,115.7198752
6659670689,Courtyard 55,VIC,,-37.8076182,144.9755061
11902802783,Mountview Cafe,QLD,,-27.6637332,152.8498144
9667818304,Julias Kitchen,SA,,-33.0319027,138.268373
4580010588,Amrak Cafe,NSW,,-34.5478804,150.8371229
1314669093,Aurora Cafe,VIC,,-37.6257526,145.0115464
4741046033,Faces & Places,VIC,,-37.8049354,144.9494489
8778414993,Johnny's Coffee,NSW,,-33.7971535,151.251446
6194665966,Fika Time Cafe and Fuel,TAS,,-42.7547286,146.6287521
8089526650,Magnolia Lane,VIC,,-36.7595598,144.2789627
13566203916,Bloom Bar,NSW,,-34.0442524,151.1239134
13238024849,Cafe Terria,NSW,,-33.8935425,151.2514987
11763285406,Mixue,VIC,,-37.8089456,144.9605218
12177707034,Wombat Cafe,VIC,,-38.3440113,144.9802403
12423584324,The Depot,NSW,,-33.9029571,151.2152734
11391637403,Gourmet Republik,WA,,-31.8770858,115.7788105
12192067304,Gloria Jean's,NSW,,-33.8951002,150.9349511
13159274465,Bottega Bandito,SA,,-34.9234015,138.6006054
2312174610,Jolly Miller Bakery Cafe,VIC,,-37.6756266,144.4370415
13810403215,Degani,VIC,,-37.8223121,144.9537645
11777834492,The Paper Cup Hawthorne,QLD,,-27.4621925,153.060511
10198204529,Lishayz Cafe,QLD,,-27.970041,153.4161788
10823277490,Bondwood Cafe,NSW,,-32.9348302,151.7309166
12753100684,Hideaway Cafe,QLD,,-28.1325225,153.4112571
734979282,Seventh Wave Cafe,NSW,,-36.0597813,150.1389998
13115653368,Cafe On R,NSW,,-33.8808287,151.2196125
9910817828,The Coffee Club,QLD,,-27.8521574,153.3138673
9803898164,Hazel Espresso,QLD,,-27.9687309,153.4134767
678987645,Yandilla Mustard Seed Oil Enterprises,NSW,,-34.5017196,148.1575163
10818913719,Pie Face,VIC,,-37.712065,145.1495807
5156811221,Healthy Vibe Gourmet Dumplings,VIC,,-37.8388216,144.9937056
5302902237,Coffee Meachine,VIC,,-38.3702546,144.8200708
11062905766,Sunnyside Take A Break Cafe,NSW,,-28.3277985,153.3962832
6981761199,Le Cinque Terre,VIC,,-37.9052955,145.0019979
2394665071,Pearl Cafe,QLD,,-27.4871486,153.0370157
3546543026,Blah Blah Cafe,QLD,,-23.5259478,148.1625417
12898830763,The Coffee Club,WA,,-32.0208155,115.9391116
10740552105,Fork,NSW,,-33.8906856,151.2148101
12319840764,Paddock On Crown,NSW,,-33.8890811,151.2131462
4476148789,Knights Coffee & Tea co,NSW,,-33.8832479,151.2028234
13660378435,Piccolo Me Hawkesbury (WSU),NSW,,-33.6140258,150.7487374
11558141951,Russos,NSW,,-32.2467456,148.5937465
580881361,Era Cafe,QLD,,-27.4753883,153.0161255
6120766292,Ten Fourteen,NSW,,-33.9223588,151.2267679
8340778417,The Mountain Brew Coffee,QLD,,-27.9259344,153.1849825
9876378052,One Another,NSW,,-33.8955329,151.1847354
5824764012,Walia Ibex,VIC,,-37.7860761,144.8317217
10187590302,Little Beach Cafe at Bel Air,QLD,,-28.0360294,153.4323326
7774632585,Coffee on Jacob,SA,,-34.5980305,138.7484295
7795737997,Market Street,NSW,,-36.8881185,149.9103874
8527287808,The Packing House Cafe,VIC,,-38.2596814,145.185281
10494715587,Point Of View,VIC,,-37.7658294,145.3475766
4927818506,Red Baron Coffee,QLD,,-27.4657465,153.0055024
9748956799,The Leaf Kitchen,QLD,,-27.9619147,153.3806779
4996717721,Unnamed cafe 4996717721,NSW,,-35.0042658,148.1103281
10757817805,The Verandah,NSW,,-28.5963827,153.2232506
1406592744,The Pint of Milk,VIC,,-37.845333,144.8923868
4223012389,Cafenatics,VIC,,-37.821834,144.962369
2786716183,Unnamed cafe 2786716183,NSW,,-33.9636518,151.1338395
8868989658,Refinery Coffee,QLD,,-28.1428609,153.4723898
11145884689,Macchiato Me,QLD,,-27.434764,152.9886943
2271260782,Smooth E,VIC,,-37.83133,144.967228
12253163409,Cascades Cafe,WA,,-32.0533637,115.9773344
7527816675,Pier Street Kitchen,VIC,,-38.3331075,144.9660383
4307260286,The Village Kitchen Kurrajong,NSW,,-33.5539607,150.6667729
12861964522,Tokyo Cloud,NSW,,-33.7987721,151.2861834
3266865465,Stretch,WA,,-31.9496606,115.8587777
7234506317,Archibald's Espresso,ACT,,-35.2381863,149.0636695
11938643525,Expedition Coffee Company,QLD,,-27.4726888,153.0254412
4480996894,The Naked Duck,NSW,,-33.8667102,151.20986
11699205335,Origini,VIC,,-37.0637846,144.216911
5365660840,Rendezvous Cafe,SA,,-34.770493,137.5962693
992123199,Ionsky's Bakehouse Cafe,VIC,,-37.8515093,145.0303152
5076265984,TY Coffee,VIC,,-37.7498953,145.0425026
4360785689,chill out cafe,NSW,,-30.2988712,153.1195567
12110061301,Yuca Melbourne,VIC,,-37.8409355,145.0106326
11073092477,Wild Bean Cafe,QLD,,-27.1110063,152.9508595
13832170501,Kittani Coffee,QLD,,-26.6607196,153.0817114
4971483008,Roadhaven Cafe,VIC,,-37.8084519,144.9018378
9173759739,Cafe Bosa,NSW,,-33.8872146,150.9426491
6694608551,The Baker's Wife - Juicery & Salad Bar,NSW,,-33.6994919,150.5637177
6965322573,Sister's Corner Cafe,QLD,,-20.2682213,148.7178078
2144922044,@Rice,VIC,,-37.835496,144.975606
11948863109,The Emporium Gourmet Café Deli,NSW,,-34.7755563,150.698034
11976913969,Thread,VIC,,-37.8528138,145.0399317
2080866463,Fussy Pots,VIC,,-37.86293,145.0766188
9280366937,Frankie's,VIC,,-38.115563,145.1921431
13555867020,Rosso Coffee,VIC,,-37.81894,144.9581907
9716956917,Clandestino Coffee,QLD,,-26.4181893,153.0436362
13626364967,Molly’s Corner Café,QLD,,-27.3079283,152.9915128
3227493763,Cafe Eden,VIC,,-37.700683,145.1540857
10082971858,The Bay Bakehouse,NSW,,-33.94618,151.2561226
13444515430,Pickle In The Middle,SA,,-34.9480072,138.6070907
5110588969,Muffin Break,SA,,-37.82985,140.776511
1456904439,Belmont's Cafe,WA,,-31.9545852,115.9206836
13093775238,Victoria Park Cafe,NSW,,-33.906551,151.2084332
599899201,Uni Park Cafe,VIC,,-37.9159446,145.1483704
6077594788,Deli Ziosa,NSW,,-33.8681215,151.2091435
12259684100,Regent Brew Box,NSW,,-33.8933971,151.2000976
7489594530,The Kettle Black,VIC,,-37.8341251,144.9713427
11090819268,The Coffee Club,WA,,-31.8766655,115.7789379
6302682192,Rex Espresso,ACT,,-35.2774411,149.1204779
13738852755,Casanovas,NSW,,-35.4455326,149.7987634
2469666381,The Old Tea Shop,VIC,,-37.7536272,145.6885295
6897256151,Doc Brown,QLD,,-27.4760732,153.0067218
9007691083,Two Nine Five,NSW,,-34.490636,150.778263
1240671420,Harty Snacks,VIC,,-38.1117588,145.1412742
7293854963,Busy Corner Takeaway,NSW,,-33.4804594,150.1586903
12545063899,The Laneway,NSW,,-33.4485736,151.4449658
13731491201,Barone,NSW,,-33.8727398,151.0941891
11092838537,POD Espresso,QLD,,-27.41051,153.0198363
13238509299,The Soulful Cafe,NSW,,-32.8145229,151.4591079
7135828900,Tuckshop Time,QLD,,-27.4920147,153.0415539
7775248349,Soul B,NSW,,-33.6765701,151.302406
7844963897,Quirk's Cafe,NSW,,-33.8920586,151.2039253
6981781586,Pearl on Bay,VIC,,-37.9056067,145.0021212
9398480864,Coffeeholics,QLD,,-28.0801414,153.410412
12084415704,Cafe,QLD,,-27.1864926,153.0293088
8858818369,Doan's Cafe,QLD,,-27.4832488,153.0030353
12164663403,La Botiga Cafe,QLD,,-26.6240245,152.8657528
2521832291,The Lighthouse Cafe,NSW,,-33.7961356,150.7057456
13599834902,La Belle Cafe,WA,,-32.5953741,115.638919
4574521442,Cape Lavender,WA,,-33.6694974,115.0306722
8754520617,Table View,NSW,,-28.5394527,153.5508786
2399984243,Unnamed cafe 2399984243,NSW,,-36.3777851,148.3752943
9653172655,Canteen - High School,QLD,,-27.2349071,153.0329696
1454526367,Stirling Cellars and Patisserie,SA,,-35.0069966,138.717713
1830309146,Moby,VIC,,-37.8562409,145.0255752
10706856116,Two Deers Cafe,NSW,,-33.8174761,151.0005658
12799841478,TheCnr,NSW,,-33.484634,151.3249912
6938593166,The Elephant Bean,NSW,,-33.7159253,150.3110823
11423302368,Oceanvibe,NSW,,-35.3575295,150.4744405
8921021821,Cambridge Corner Store,WA,,-31.9406744,115.8012387
9504531862,Waterfront Como Cafe,NSW,,-33.9969308,151.0698127
6894434243,Moulin Cafe,NSW,,-33.8937833,151.1440636
10232621517,Bankin' Beans,NSW,,-36.6742794,149.842187
1076273493,Le Blanche Ice Creamery,VIC,,-36.7270801,146.9603393
11581291359,Unnamed cafe 11581291359,WA,,-31.9128205,115.8165946
7266271326,Unnamed cafe 7266271326,NSW,,-36.7243826,149.9782702
10252926575,Caffe Cherry Beans,NSW,,-33.6896093,150.9266833
7678207086,Old Wharf Cafe Pooncarie,NSW,,-33.3863924,142.5692773
1123433837,Société,QLD,,-27.4526036,153.039453
10048418853,30 Block Place,VIC,,-37.8152596,144.964372
3924591470,The Kiosk,NSW,,-33.9092995,151.1828242
4077383033,The Bakery Cooma,NSW,,-36.2352987,149.1248542
11056492909,Mykie's Cafe on Lily,QLD,,-16.9046757,145.7579413
1832705563,Forget-Me-Not Cottage,NSW,,-34.0313581,151.0544962
1240899371,Muffin Break,VIC,,-38.1411787,145.1246149
5040169823,The Glass Den,VIC,,-37.7402405,144.9688792
12629436531,Junction Cafe,NSW,,-34.106542,141.9197391
13196739660,The Coffee,NSW,,-33.7974277,151.2867268
10278238416,Mr. T,TAS,,-42.8820176,147.3284726
13565937141,Recess,ACT,,-35.3282271,149.1427032
4950712281,Daly Coffee Den,NSW,,-33.2333851,151.5532248
585196148,Irwell's,VIC,,-37.8672064,144.9805382
1749593150,Tiffany's on Tennyson,VIC,,-37.8805019,144.9913314
12861817171,Ice Cream a la Copenhagen,VIC,,-38.3329702,144.9646375
4064857396,Stathmos,VIC,,-37.7780364,145.0184531
5693995224,Cafe 63,QLD,,-27.5015369,153.0461044
9515257262,Kensington Canteen,VIC,,-37.7997462,144.9320168
9356948908,Harvey's Cafe,NSW,,-32.9947876,151.6895838
989107484,Holy Cow Cafe,TAS,,-41.2891716,148.0049252
6165387317,Forth Brother,VIC,,-37.8867129,145.0215325
3360746822,STREAT,VIC,,-37.8064154,144.9901235
5388308578,Lolly Jar Cafe,VIC,,-37.9828906,145.0643113
4233547794,Dalmatino,NSW,,-33.7134891,151.2990294
6077594791,Top Juice,NSW,,-33.8681538,151.2094282
3989335257,Nunamara General Store,TAS,,-41.3889516,147.3022155
4617420695,Rise and Shine Canberra Cafe,ACT,,-35.3086187,149.1342209
8949775295,Kunda Park Snack Bar,QLD,,-26.6672823,153.0295448
8790714686,Taiyo Sun,VIC,,-37.7782459,144.9883686
12979128550,Here's Good,QLD,,-16.8186305,145.6368132
9611985015,The Coffee Nest,NSW,,-34.805736,145.8809748
6017200120,Young Man Cafe,VIC,,-37.7350746,145.0046629
3313411964,Windmill Cafe,VIC,,-38.6637305,146.3246225
8247040603,Pie Face,VIC,,-37.9528274,145.0764758
13242209254,Soul Origin,VIC,,-37.6724594,144.8482259
517338852,Highway One,VIC,,-38.0027218,144.4923905
9700306656,Commons Deli and Cafe,QLD,,-27.9612259,153.3805993
1414544529,Barnacles Cafe,QLD,,-25.9018336,153.0135294
8873701568,The Nook,VIC,,-37.5817978,144.7280956
6938993789,Unnamed cafe 6938993789,NSW,,-35.1025899,147.3683901
1381247049,Village Cafe,WA,,-31.8354995,115.9483059
441038755,Sleepless City Coffee Roasters on Stenner,QLD,,-27.5931304,151.9469515
5222607323,The Coffee Box Espresso Bar,NSW,,-33.8613784,151.2100817
1121174318,Unnamed cafe 1121174318,VIC,,-38.066613,145.3005516
11442875796,The General,VIC,,-37.2382918,145.2184353
12185421808,Piccolo Me Cafe,NSW,,-33.8328613,151.0400912
12473319225,Venn,WA,,-31.9903934,115.9083051
6030947512,Leche,NSW,,-29.4370966,153.3598167
2436328312,Nibble Cafe,VIC,,-37.6810569,145.0635434
11202451703,Mighty Cafe,VIC,,-38.4773834,145.9443155
10744507205,Unnamed cafe 10744507205,VIC,,-37.8120661,144.9652048
2468686201,Il Mondo,QLD,,-19.2717278,146.7930286
6388695869,Cafe on West,NSW,,-35.0616039,148.1009981
3266769451,Cheeky Waffle,WA,,-31.9492776,115.8590141
10711154498,Dre's Deli,VIC,,-37.7717486,144.9642225
6615588557,Smokos,WA,,-33.3358483,115.6485543
2520862166,chilli jam,NSW,,-32.1805331,152.5109641
13585921661,Prodigal,VIC,,-38.2618021,145.1901231
1769201308,Cafe on Strand,NSW,,-33.8834027,151.1148914
11259248873,Wild Bean Cafe,QLD,,-27.3932203,153.072365
11073463120,Tuckers,VIC,,-37.9032849,144.6574335
5872679560,Split Bean Cafe,VIC,,-37.5943065,145.0903006
1268354258,Pasture of Balmoral,NSW,,-33.8234089,151.2504871
9083322834,Tsuru,QLD,,-27.4444454,152.9936609
9328967953,Fusionz,WA,,-32.2752052,115.7306097
11363592702,Pie Face,NSW,,-28.8603721,153.0621001
7765353732,The Spot Cafe,NSW,,-33.8760503,151.1841864
9369263707,Le Coffee House,NSW,,-34.0660302,150.8142728
1093402710,Breve Cafe & Bar,WA,,-31.9533347,115.8606286
1918174025,Chocolate Café,TAS,,-41.3514681,147.0021196
9067463636,Shaka,NSW,,-33.7808758,151.2883538
2115183059,Dingo Dell Cafe - AW Keown Lodge,VIC,,-36.7453205,146.7968506
11380625463,Cafe Coci Nero,NSW,,-33.9393209,151.2005007
12993513396,I DO,QLD,,-27.4740977,152.9959426
984956643,Rumbelow's Restaurant,SA,,-35.5500963,138.6240119
3400658621,Frontier Coffee House,QLD,,-27.5329702,153.1990624
9345227126,Caffe Stazione,VIC,,-37.8148748,145.2290281
3403193737,Cotti Coffee,VIC,,-37.8022382,144.963855
2789598735,Cow and the Moon,NSW,,-33.8989113,151.1720116
7790880148,The Corner Pantry Cafe,VIC,,-38.2047063,145.0990992
6129421728,Unnamed cafe 6129421728,VIC,,-37.6971376,145.058073
1118626986,Lava Espresso,ACT,,-35.3405926,149.052121
1269970225,Unnamed cafe 1269970225,NSW,,-33.814239,151.185953
836037828,Piadina Slowfood,VIC,,-37.8100779,144.9707933
12056480018,Bear Espresso,NSW,,-33.8868938,151.2009943
9310044673,Degani Capestone,QLD,,-27.2335234,153.0387754
752184933,Café Cova,VIC,,-37.8318442,144.9652974
6290894685,Teaser,VIC,,-37.8188457,145.1219276
6543542408,Unnamed cafe 6543542408,WA,,-20.6788451,117.1890914
3755195575,Hot Bake,VIC,,-36.1391725,146.8923685
5330539326,Cafe De Kenzo,SA,,-35.1384783,138.5324899
9903331792,Pure Shot Cafe,QLD,,-27.3169835,152.9655495
2315277217,Mingling Waters Bush Retreat,VIC,,-37.7341852,148.0893785
7828645974,Gaijin Eatery,VIC,,-36.7604239,144.2811285
488964021,Gloria Jean's,NSW,,-30.3177978,153.0899401
8676295353,3 Steps Cafe,NSW,,-33.8937771,151.2619655
444157838,The Caf,SA,,-34.9203669,138.6071007
10744601845,Pie Face,VIC,,-37.8385966,144.7301892
11454145761,Taxi Stand Coffee Bar,WA,,-35.0267575,117.8839714
4601233590,Balmoral Cafe & Takeaway,VIC,,-37.2468632,141.8405703
8011448445,Get Naked Espresso Bar,VIC,,-36.729261,144.306352
5982692313,Mr. T & Me,VIC,,-38.4589839,144.1070494
2296819531,Cafe del Corso,VIC,,-37.817778,144.96272
9929463295,Components Cafe,NSW,,-30.3414205,152.7119562
11463747635,Cafe 13,VIC,,-35.9173247,145.6549751
4814317122,Dear Delicious,NSW,,-33.9106443,151.1414258
13738797391,Aslan Coffee,NSW,,-33.8363055,151.2076651
1160683187,YatZies Shop & Cafe,VIC,,-38.6798124,143.3910084
6552537912,Kelly's Cafe,VIC,,-38.4325326,145.8246419
13666661756,Chatime,NSW,,-33.7678099,151.2663139
1894436136,The Shed,NSW,,-34.4948443,150.7942284
11472008540,Kettering Cafe,TAS,,-43.1284154,147.251867
12328281219,Yerong Creek Bowls Club,NSW,,-35.3872508,147.0655198
2524728043,Ponycat,QLD,,-27.4642429,153.0422153
388496620,Dorset Cafe,VIC,,-37.8372736,145.287458
4206446650,Cafe Tre Sette,VIC,,-37.8032576,144.9617931
12588445545,Legend Coffee Terrigal,NSW,,-33.4488098,151.4452211
610592666,Pinewood Sandwich Bar,VIC,,-37.8909704,145.1438161
11993275616,Zabe,QLD,,-26.3915302,153.0384497
10588124910,Cabanas Coffee Lounge,WA,,-32.9333013,117.1773443
8117986684,GoneBarney,NSW,,-35.6786982,147.8681621
10742656405,Unnamed cafe 10742656405,NSW,,-28.2570261,153.5796667
9818014410,Brew Ha: The Ritual,WA,,-31.9494761,115.8243661
12785778248,Good Australian Cafe,QLD,,-27.155107,152.9748893
5748633901,A Brewer’s Tale,NSW,,-33.8789002,151.2192146
10296240938,Gatehouse Tea Rooms,NSW,,-33.8138631,150.9975767
10961028545,Espresso & Prosecco,WA,,-31.9543534,115.8590263
13495146026,your local cafe,NSW,,-36.1646315,150.126373
2303497319,The Boat Shed South West Rocks,NSW,,-30.8954762,153.0164304
4113251191,Chocol'Art & Coffee,SA,,-35.6555759,137.6391622
3617618648,Bar Italia,NSW,,-33.8811068,151.1568971
13672902357,HereTea,QLD,,-27.5709469,153.0638039
8950987105,Cafe Aliferous,NSW,,-33.7807384,151.1136473
3522704235,Cafe Bolle,NSW,,-33.8307793,151.2229766
978060176,Tasa Coffee House,ACT,,-35.2761892,149.1209513
3939003776,Shibusawa Bakery,QLD,,-27.4657029,153.027614
2414231203,Charlton Bakery,VIC,,-36.269191,143.3503346
10757783005,Bangalore Bread Co.,NSW,,-28.6867245,153.5234961
11219213112,Bakery Cafe,WA,,-34.9602276,117.3553021
5325305585,Isola Rottnest,WA,,-31.9972774,115.5418605
1093311611,Grounded House,VIC,,-37.7944768,144.9294513
4493707489,Maryam's Cafe,VIC,,-37.9171433,145.1392892
12462013705,Tea House Books Denmark,WA,,-34.9590084,117.3554689
6849183268,The Parade Eatery,SA,,-34.9194005,138.6697024
6044361759,Zarraffas Coffee Douglas,QLD,,-19.3166915,146.7593281
5125803533,Plenty & More Cafe,VIC,,-37.7449825,145.0065091
9787080153,Bean and Gone,QLD,,-27.786485,153.2588102
13168426652,Secondipity Roasters,VIC,,-37.8066712,144.9879006
989107357,Christmas Hills Raspberry Farm Cafe,TAS,,-41.482693,146.5969282
6984021669,Bistro Breton,WA,,-33.6492736,115.3444884
5866700888,Rosella Info Cafe,NSW,,-30.4940268,153.0144925
6744951785,Russel Street Lunch Stop,NSW,,-33.7435794,150.6546157
8247041245,Pie Face,VIC,,-37.8287953,144.9639042
4122971689,Doughboys,VIC,,-37.81595,144.957933
517338835,Highway One,VIC,,-38.0016121,144.4914115
3991304902,The Stranded Whale Coffee Shop & Tea Rooms,TAS,,-40.7613764,145.296471
8262929879,La Baguette,VIC,,-38.0317595,145.345469
8713633618,Konoha Sushi Cafe,NSW,,-28.3887559,153.5645695
12681089379,Leaf Café & Co,NSW,,-33.7195406,150.9197402
9892513240,Tirranna Springs Roadhouse,QLD,,-17.8955894,139.2961685
2261581055,Lago Fino,VIC,,-37.5836049,144.9194203
9818259766,Central Brew,NSW,,-33.8816923,151.2022513
12709184931,Cafe Cherry Beans,QLD,,-27.5639387,153.0842674
13384708028,Rainbow Bean,NSW,,-33.9427514,151.1019413
2218087891,Panineria,VIC,,-37.8633425,145.0781869
7474734732,Coffee Creative,NSW,,-33.9014692,151.1925256
6017200077,Shisha Square,VIC,,-37.7420559,145.0031713
12006356547,Huskk,QLD,,-27.4273255,153.023094
5215344481,Peddler Tuck Shop,VIC,,-37.9660575,145.1747931
5599492255,Ripe Cafe,VIC,,-37.8636742,145.3533768
8090344401,Cafe Velo,VIC,,-36.7602678,144.2774945
13622005315,Tide Espresso Bar,SA,,-38.0545945,140.69942
4856639942,Corner Cafe,VIC,,-37.847248,145.114568
9506799523,Brooklyn Corner,NSW,,-33.5479221,151.2262752
7279098342,Spiders Cafe,VIC,,-38.174657,146.259983
9438703678,Freshta's Café,VIC,,-38.1414115,145.2078118
13674216217,Muffin Break,NSW,,-33.4176506,149.5829059
9910957734,Greenvale Roadhouse,QLD,,-19.0029452,144.9835125
3861774505,Pepper,VIC,,-37.7870445,144.929346
491331934,Toctoc,WA,,-31.9489896,115.8595628
612785828,Clydes on Murdoch,VIC,,-36.3734102,146.3230793
12503155564,Meals With Impact,VIC,,-37.8207203,144.9490086
4800040021,Miss Heidi's Cafe,NSW,,-36.2502635,149.0783432
11683497512,Jimins,NSW,,-33.7052107,151.099987
10677199283,Cafe 41,NSW,,-33.9645245,151.0876281
6656704241,Mr Wednesday,VIC,,-37.7788879,145.0242235
10137378559,26 & Sunny,QLD,,-28.0161363,153.432865
10250081974,Stellarossa,QLD,,-27.1043362,152.9488059
12770044695,Cafe 63,QLD,,-27.2264562,152.9898038
6222367545,Thai Rani,VIC,,-37.9622049,145.0188027
6322393901,Quirky Bean Cafe,VIC,,-37.9197598,145.2368782
1960897620,Pengo's,WA,,-32.3044412,115.7018753
5532360226,The Byron Bay General Store,NSW,,-28.6532349,153.6152774
4242643134,Guylian,NSW,,-33.8593483,151.208637
6204412993,Betto Deli & Cucina,NSW,,-33.9048885,151.1807108
3353510879,Zest at the Beach,NSW,,-35.0145864,150.8233005
10994010061,Little Sup,WA,,-31.9899074,115.7531085
8997304726,Hilltop Grind,SA,,-35.037844,138.9178785
1897458678,Minnamurra General Store Cafe,NSW,,-34.6274193,150.8556748
4255658734,Beach Café,QLD,,-27.9446689,153.4099359
4752594505,Cafe Hallam,VIC,,-38.0185378,145.2704072
3979346139,Mylo's Cafe,NSW,,-33.1103303,151.6462033
5299091858,Hui Bro’s Cafe,NSW,,-33.8980955,151.1791518
12801680570,Playa Coffee,WA,,-31.9554733,115.8558028
1880502459,The Outpost Cafe,QLD,,-28.0170567,153.1648143
11061255347,Ashfield Apothecary,NSW,,-33.8866089,151.1260819
9507752655,Merriwa Cakes & Pastries,NSW,,-32.1392963,150.3541806
5755637622,Kynda Cafe,QLD,,-23.4428665,144.2487242
6043714669,Mad Dog's Cafe,QLD,,-27.5288886,153.1996237
12063053062,Pique Coffee,WA,,-31.9342529,115.8114382
3949640996,Maillard Toast and Espresso Bar,VIC,,-37.7796331,144.9868095
3996486580,Emily's Bistro,SA,,-32.3463532,138.0427624
4577957794,Allpress,NSW,,-33.9363435,151.1792381
6246140685,Van Diemens Land Creamery,TAS,,-42.8822077,147.3331997
2508397390,Love Grub,NSW,,-33.899587,151.1945981
9892743097,Edition Roasters,NSW,,-33.8693985,151.2070983
9845554317,Green Remedy,VIC,,-37.8837698,144.997896
6968130713,Coffico Coffee,VIC,,-37.7300622,144.9505432
11542242771,Surfing Lizard,WA,,-32.40884,115.7468636
1814424723,Viizar Cafe,ACT,,-35.3449335,149.0848754
11453933452,Firebird,NSW,,-36.048262,146.9305795
3919659157,Spokes Cycle Caf,TAS,,-42.893032,147.3254139
13123168373,Frangipani,SA,,-34.8391172,138.4837211
11672185087,Sunny Lane,VIC,,-37.9124679,145.1395759
4948009121,Fetching Treasures,VIC,,-36.9242643,144.7100526
10861335119,Nadia’s,NSW,,-33.8178651,151.0024775
10296186209,Mudjira Village Eatery,QLD,,-28.0791393,153.3663713
12415099304,The Press Cafe,QLD,,-27.8461773,153.3682409
13602074448,Weave & Brew,VIC,,-37.7721116,144.9575407
1961211307,Unnamed cafe 1961211307,WA,,-31.3503037,115.5017961
3939038625,Unnamed cafe 3939038625,NSW,,-32.9342693,151.6439284
6984031892,Freshly Pho,SA,,-34.8786175,138.6733559
3128388908,Brew Brothers,VIC,,-37.7326778,144.7415137
5177283433,Unnamed cafe 5177283433,VIC,,-37.9434455,145.1186738
7444349463,5 Loaves Cafe,NSW,,-33.8210011,151.0152474
13368952664,Will & Co,NSW,,-33.7946402,151.1860718
6548791117,Hungry Hunter,NSW,,-33.8662763,151.2082297
13341921806,Charlie's Dessert House,TAS,,-41.4377231,147.1367711
11282030797,Bacino Bar,NSW,,-33.7627369,151.2891328
5500060967,Canal Cafe and Piiza,TAS,,-42.9086051,147.4920784
2197151241,Gloria Jean,NSW,,-33.7893752,150.8895183
7410179554,Bean Origin,ACT,,-35.2223002,149.018526
1739139354,Wild Wombat,VIC,,-37.6404804,145.192419
10010085618,The Studio Beans Coffee Roasters,VIC,,-37.8641953,144.9819462
8744885452,CoCo Fresh Tea & Juice,NSW,,-33.9034096,151.2091785
4370355273,Homegrown Cafe,QLD,,-26.6868065,152.9590231
11374734888,Teakwood Cafe,NSW,,-28.4302734,153.470819
11760244209,Carton Deli,SA,,-34.9233427,138.6058186
13411742767,Bluette,VIC,,-38.6295974,145.7182423
9166266917,Three Donkeys,NSW,,-33.4237308,151.4380684
5517780308,Fika,VIC,,-36.2169925,147.1759723
1826053347,Cowtown Cafe & Bakeshop,WA,,-33.8506433,115.1029062
12147174862,Unnamed cafe 12147174862,NSW,,-33.6852653,151.2917526
9179675460,San Churro,NSW,,-28.200905,153.5449031
2786818528,Unnamed cafe 2786818528,NSW,,-33.9668599,151.134498
4353585192,Fancy a Bite,NSW,,-33.8395557,151.2086049
9579466404,Bee Keen,VIC,,-37.95855,145.0518672
1137098981,Unnamed cafe 1137098981,SA,,-34.9137467,138.6753347
11770039238,Impressions on Scott,QLD,,-27.5655215,151.9723116
5219075055,Plum Café,QLD,,-27.5068677,152.9486659
580626198,Dr Jekyll,VIC,,-37.8640141,144.9813215
2345084297,Inzone Cafe,VIC,,-37.8180385,144.9543399
5312770726,starfish cafe,WA,,-29.2826891,114.9198224
10600427708,Nannup Deli,WA,,-33.9806493,115.764853
1701921795,UniSQ Café,QLD,,-27.602448,151.9311576
5080988121,Sensation Café,WA,,-33.6327531,115.3888679
9196940090,The Plaza Cafe Bankstown,NSW,,-33.9174387,151.0330453
4824334990,Square and Compass,VIC,,-37.8096886,144.9839138
9647273576,Toby's Estate,NSW,,-33.8684438,151.2073072
7800423085,St Louis House of Dessert,SA,,-34.9087572,138.5970562
11182281886,Namoo Japanese Cafe,VIC,,-37.8186883,144.956086
11979592188,107 Coffee Terminal,QLD,,-27.663704,153.0449747
8377222014,Caffeine Villains,NSW,,-33.6555815,151.3191372
11641136269,Urban Grooves,VIC,,-37.7046062,145.1014747
8322640863,Mr Frankie,VIC,,-38.1667445,145.108625
1681467723,Dôme,WA,,-35.0192792,117.8813409
9454627897,Elephant Cafe,VIC,,-37.8464809,144.8688911
9491813159,My Modern Tea,NSW,,-33.7436031,150.8090575
7933338314,Yas Cafe,NSW,,-33.7942157,151.2083866
2969574940,Whipbird Cafe,QLD,,-26.5904708,151.9065846
6621576185,offshoot,WA,,-31.9556792,115.8637525
3269959461,Global Kitchen Cafe,VIC,,-37.808452,144.968706
4470078974,The Mulberry Tree,WA,,-33.9589123,116.1371668
11527663465,Three Beans,NSW,,-33.7882243,151.2674208
4422281599,The Warren,NSW,,-33.8580971,151.1824005
5342073321,blue jays cafe,NSW,,-34.5739454,150.761103
1858008998,Foodies,NSW,,-33.9942613,151.1398127
2320200296,Ponti's Cafe,NSW,,-34.0292159,151.0772161
13566908956,Moon Hutt,SA,,-34.9050249,138.5382479
6796103237,The Deli Lana Kurmond,NSW,,-33.5508775,150.6895275
10742602514,Girdlers,NSW,,-33.7961728,151.2862772
12264598496,Ichigo,VIC,,-37.8086376,144.9593948
1912388911,Chi Chi Café,TAS,,-41.4387957,147.1402277
5074741523,Parkdale Food Store,VIC,,-37.9931823,145.0761279
2141293949,Cafe Bambini,QLD,,-19.3156667,146.817673
11128867906,Igniis Bake & Roast,NSW,,-33.8728476,151.2242233
1808687861,Unnamed cafe 1808687861,VIC,,-38.2380124,146.3972033
10728679626,Boost Juice,NSW,,-33.7766357,151.1199649
2824349523,Botanix Organic Cafe & Yoga School,NSW,,-33.9480255,151.2070776
12047211074,Zarraffa's Coffee,QLD,,-27.2250681,152.9906207
2119125537,Unnamed cafe 2119125537,QLD,,-19.2082822,146.5907307
2212722410,e'Latte Cafe,VIC,,-37.8634653,145.0789599
13198839053,Surge,NSW,,-33.0164964,151.6988994
5334906023,Sienna on Forest,NSW,,-33.9756072,151.0475834
859601781,Unnamed cafe 859601781,QLD,,-16.979526,145.6746851
7123374094,Frankie's Diner,SA,,-34.8107496,138.6208771
2553039001,Scarlett Corner,VIC,,-37.800281,144.901256
11732392669,Adinfinitum Cafe,QLD,,-27.4676266,153.0194678
1234318685,Loose Goose Street Food,TAS,,-41.401602,147.1223536
3276141235,Dukes Coffee Roasters,VIC,,-37.8167849,144.9661412
9461804066,Port Arthur Lavender,TAS,,-43.1072705,147.8633479
13414758171,Cafe Sheba,NSW,,-33.7048853,151.0999849
7958897216,Mr Brightside,VIC,,-37.8965855,145.0360134
12718344122,The Hideout Specialty Coffee on Adelaide,QLD,,-27.4646449,153.0295226
6244246949,Muffin Break,QLD,,-16.9249338,145.772265
12193927268,Mia Mia Cake & Milktea,NSW,,-33.8948811,150.9392356
11558141922,Pie Face,NSW,,-32.5711019,148.2216992
13044403402,The Drop Espresso Bar,QLD,,-26.7392202,153.1166913
7599154974,Rafele,NSW,,-33.9243024,151.2554007
2694389869,Mavis the Grocer,VIC,,-37.8030269,144.9970286
9664443817,Bloc 145,NSW,,-33.892533,151.2010254
10236775554,Serina Cafe,VIC,,-37.970116,145.0889741
3981230968,Workshop Espresso,NSW,,-33.8726306,151.2071687
5249754340,Cupparoma,NSW,,-33.7978985,151.1824983
13502882449,Jamdrop Cafe,QLD,,-16.9157614,145.7700938
3003930226,Eat@Menzies,VIC,,-37.7217503,145.0521671
11280440080,Juicy Lucy Cafe,NSW,,-34.3130941,148.2972367
2363066805,Unnamed cafe 2363066805,VIC,,-38.3289904,143.0791993
11240440199,Bean Pedlar,VIC,,-38.5637289,146.6761613
13568358661,Zarraffa's Coffee,QLD,,-19.3320212,146.7270693
1170823155,Gloria Jean's,NSW,,-33.7731982,151.0817041
10799300732,Strappers Cafe,SA,,-34.9883121,138.5392817
12037283768,Little H Cafe,WA,,-31.8311494,115.7680977
1177971408,23hundred,NSW,,-32.9274092,151.7856315
3478584290,Unnamed cafe 3478584290,NSW,,-34.6470949,150.4830757
9653019645,Pie Face,TAS,,-41.3797268,146.3174876
1918195854,Cafe on Frankland,TAS,,-41.4471357,147.1407356
11447442896,Tambo Valley,VIC,,-37.7084813,147.8336699
7105940006,Sanctum Cafe,NSW,,-32.9314196,151.7718975
5992025017,Kohi No Deshi,VIC,,-37.7754633,144.9600923
6262731221,Joe Black X,NSW,,-33.8686086,151.2064496
12816768805,The Chocolate Box,VIC,,-37.6686299,144.8518905
8849704578,Sunday in Canberra,ACT,,-35.1846215,149.13545
6487935127,Cafe 205,NSW,,-33.9166136,151.2414426
752219143,Sandy Beach HQ & Kiosk,VIC,,-37.9457289,144.9978134
8522804499,North & Eight,VIC,,-37.7554221,144.9021397
6917366886,GICO Eatery,SA,,-34.9017469,138.6570699
12347788442,Abbots and Kinney,SA,,-34.9238145,138.5999507
11524581504,Brunetti Classico,VIC,,-37.7675036,144.9237655
12466378310,Aniseed Cafe,VIC,,-37.763843,145.0541544
10161380734,Short Black Espresso Bar,NSW,,-33.9646587,151.0881036
5582203700,Cafe ToB' (Inc. Trading on Broadway),SA,,-34.9882587,138.5173953
6763990790,Bright Side,NSW,,-33.6784854,151.313622
8487854397,Strait On The Beach,QLD,,-16.8386191,145.7401134
4383449491,Cups & Sauces,NSW,,-32.7621891,151.7437264
7134853529,Franky & Co,NSW,,-33.3753716,151.4728475
9748982235,Coffee Major,QLD,,-27.962144,153.3796648
7447433637,Coffee Club,QLD,,-27.8193809,153.2901807
4451143577,Christmas Creek Cafe & Recreation Centre,QLD,,-28.2868756,153.0348375
9464772390,Sensory Lab,NSW,,-33.8704208,151.2096643
5579849390,Harvest,VIC,,-37.7775279,145.0181682
5870187289,Village Deli Bongaree,QLD,,-27.0835687,153.160286
6454829979,Jimmy G's,NSW,,-33.4266623,151.3219181
4198152489,Baithouse,NSW,,-33.8452075,151.281701
10564260908,Breakaway Nungarin,WA,,-31.1844017,118.1012693
5215342618,Christie's,VIC,,-37.966828,145.1745492
7979204906,DC Blooms & Co,QLD,,-24.211549,151.9029013
9837578302,Tambo Fuel Supplies,QLD,,-24.881601,146.2581801
2791873024,Rising Sun Workshop,NSW,,-33.896138,151.1818046
10273552355,CoCo Fresh Tea & Juice,TAS,,-42.8818439,147.3287377
12829269331,Little Legends,NSW,,-33.7980429,151.2872032
9888910131,Fossix,NSW,,-33.8639392,151.2090813
4167363135,The Surf Club,NSW,,-33.8074066,150.9100237
9281841155,Unnamed cafe 9281841155,NSW,,-33.0868777,151.6401594
12040920288,Park Cafe,WA,,-33.5733815,115.8233748
3979136664,6.AM by dedy's,NSW,,-33.8744921,151.2054091
2248088725,Harvest and Light,TAS,,-43.1641524,146.9272296
3302190136,Dairy Bell,VIC,,-37.700844,145.0654488
3885415464,Galleria,VIC,,-37.8480195,144.9791251
325461304,The North End Cafe,NSW,,-33.9454375,151.2556123
9564684155,Unnamed cafe 9564684155,NSW,,-33.9515401,151.052518
12965719141,Nijuusan,VIC,,-37.7987159,144.9663339
11192240769,Sunrise Kiosk,NSW,,-33.6923821,151.308846
1488261560,Cafe Fresq,QLD,,-16.4827613,145.4638914
5777927880,Tim's Cafe,NSW,,-33.967511,151.1072605
9712838217,Riley's,WA,,-32.0408143,115.8493411
8221440922,Peckish Cafe,VIC,,-37.9672308,145.0562964
5824763970,Muffin Break,VIC,,-37.7819194,144.8313344
11905873778,Cafe 53,NSW,,-28.828162,153.4202768
7217830058,SALT Cafe,NSW,,-33.7713284,150.6719134
2705104605,Stellarossa,QLD,,-23.3567478,150.5222086
12422144078,Mrs Jones The Baker,NSW,,-33.7300624,151.158036
706916689,Baguette,VIC,,-37.818329,144.967288
11050266430,Gather,QLD,,-27.451495,153.016849
5227802700,The Coffee Bar,VIC,,-37.9876834,145.2169005
13061120001,Cow & the Moon,NSW,,-34.4256312,150.8968908
7553548158,Bardon Shed Coffee,QLD,,-27.4678194,152.9878228
10969011382,Black Lab Coffee,QLD,,-27.5265268,153.0553996
9179530776,Unnamed cafe 9179530776,QLD,,-27.5657204,152.9513262
11259248898,Boost Juice,QLD,,-27.4100094,153.0716941
5813784901,Dirty Red,NSW,,-33.8834067,151.191716
12695642034,Barrell Brew,NSW,,-35.9989055,146.3910108
2299077867,Cafe Jolie,NSW,,-34.0163066,151.0657721
11521770151,Unnamed cafe 11521770151,NSW,,-33.8199544,151.0251641
9502019271,Four Seasons of Nosh,SA,,-34.5264802,138.9568442
11166896062,Cafe Muiron,WA,,-21.9365657,114.1303432
4691940119,Pepper Street Art,SA,,-34.9132705,138.675127
12307062505,Cassia,WA,,-32.0552074,115.7498861
12841417755,The Station Café,QLD,,-28.6573284,151.9371259
12691939876,Maggie Lee’s Cafe,QLD,,-19.159082,146.8554565
8522399248,Fandango,VIC,,-37.8026202,144.9494987
9574193647,Sydney Coffee Exports,NSW,,-33.9344555,151.1791027
10776699305,Somerset Eatery,NSW,,-33.7614056,150.7154883
4643202266,Cafe Racer Co,NSW,,-33.6764684,151.3041131
4952033551,Lot 8 Cafe,VIC,,-37.7909412,144.7728353
12147272256,CCCares Cafe,ACT,,-35.3401383,149.0885541
12210705194,Cafe de Paris,WA,,-32.1268378,115.9272375
11158509834,Espresso District,VIC,,-37.55925,143.8851895
13654060144,The Tinhorn,NSW,,-33.915612,151.1663677
2470572727,Unnamed cafe 2470572727,NSW,,-32.9615765,151.6178366
13059441866,Unnamed cafe 13059441866,NSW,,-33.8239491,151.1988768
5839512288,One more chocolate shop,NSW,,-33.8963844,151.1528177
13699841819,Shamrock Cafe,NSW,,-34.4383687,148.7165721
9858416824,The Perch Cafe,VIC,,-37.8123945,144.9549224
9216169928,Unnamed cafe 9216169928,VIC,,-37.650641,144.9690142
8256015450,Coffee Hit,QLD,,-27.2419788,153.016495
469736829,The Bond Store,VIC,,-37.8217545,144.9639586
20980087,Bondi Kahvé,NSW,,-33.8916714,151.2732803
9599259948,Hillston Bread Basket Bakery Cafe,NSW,,-33.4851574,145.5317386
2283693821,St Malo Bakery,NSW,,-33.8244167,151.2010774
9859641080,Boost Juice,VIC,,-37.9205367,145.2369699
7904295537,Hoi Polloi Cafe,QLD,,-19.2583002,146.818829
13238024845,Soho,NSW,,-33.8923711,151.2516399
9810286445,Charlottes Nest,QLD,,-26.4026837,146.2394978
5793206967,Lifegrain,NSW,,-34.037029,151.1144996
8463032854,Arc Cafe,NSW,,-33.8175929,151.0085404
5540484838,Health Freak Cafe,WA,,-32.1307914,115.8566888
9294997463,Zarraffa's Coffee,QLD,,-26.7685405,153.1217675
9908965315,Cafe Sandalwood,WA,,-15.650849,128.741672
1282403463,Legals,VIC,,-37.8131375,144.9587418
11107082322,Madeleine,WA,,-31.9387748,115.8692353
4712839052,Zenith Cafe,VIC,,-38.0203159,145.2207431
623943779,Swaffields,VIC,,-38.0158854,145.9547868
2814661663,Pino Espresso,NSW,,-33.8976898,151.2123329
9880086978,est Espresso bar,QLD,,-27.6703003,153.1918186
5890093323,Chapter One,NSW,,-33.8937423,151.2727333
9525897477,Koon Hong & Time for Tea,NSW,,-34.4246311,150.8948938
8547295351,Reliquaire,TAS,,-41.2356606,146.4133672
13013053111,Coco Cloud,NSW,,-33.8283566,151.2301066
11228658210,Caroona Store,NSW,,-31.4066716,150.425826
7869948290,Nineteen43 Bakehouse & Cafe,NSW,,-33.9513229,151.1378291
10205274713,Gumtree Cafe,SA,,-32.7340505,138.6127255
5938092452,Blue Mountain Cafe,VIC,,-37.8942649,145.3085456
4686294461,middle child,VIC,,-37.7703158,144.9021958
638069543,Mollymook Beach Hut,NSW,,-35.3390736,150.4734777
11418713492,Pie Face,NSW,,-34.9040748,150.602655
11730343040,The Neighbourhood Kitchen & Coffee,WA,,-32.0272332,115.7949683
1517102287,Rose's Cafe & Icecream Parlour,NSW,,-30.7062775,152.9196658
13159274446,Meli,SA,,-34.9337984,138.6126927
7713877690,Modena,VIC,,-37.8163023,145.0090461
12818490611,Coffee & Paste,NSW,,-33.814146,151.0033571
12046931745,Jamaica Blue,WA,,-32.4090921,115.7590029
10924038546,Hobart Town Tea Rooms,TAS,,-42.8845947,147.3275409
8014846815,Roadhaven Cafe,NSW,,-34.7190604,149.9952416
10814212742,Cornercaf Eltham,VIC,,-37.7143074,145.1489863
10759217319,Betwixt Cafe & Bar,VIC,,-37.825612,144.9669081
9369263698,Chino's Cappuccino,NSW,,-34.0660102,150.8146741
9368691469,Station Coffee,NSW,,-34.4514528,150.446977
595561852,Garden View Cafe,VIC,,-37.80604,144.973766
1865226637,Espresso 3094,VIC,,-37.7161153,145.1214058
13747584877,Arch & Stone,VIC,,-37.8088002,144.9651976
8695555680,Casualties Espresso,NSW,,-31.4288745,152.9106502
8646100080,Banksia Bakhouse,NSW,,-33.8623659,151.2073008
9787317522,Bowl'd out,NSW,,-33.9062588,151.263945
12533332401,Cafe 6044,WA,,-31.0202032,115.3328307
5875429786,Pilgrims Vegetarian Cafe,NSW,,-35.3165307,150.4359822
4516610589,Golden Times,QLD,,-28.1604965,153.5117176
13483015755,Bloom & Brew Co.,SA,,-35.4465191,138.3173164
8517739261,Boho Eatery,WA,,-28.7228313,114.6273843
12322814457,The Baking Corner,WA,,-31.9181645,115.8906973
12491943810,My Coffee Room,NSW,,-33.8762675,151.2093709
11399241103,Cafe Stockholm,WA,,-31.8767068,115.7791067
4501779289,Grocer & Grind,QLD,,-28.0277986,153.424412
11176223430,Vona Co,VIC,,-37.8158657,144.9631604
3714809883,Carbone's Cafe,VIC,,-37.7023517,144.7999365
4646429190,Good Things,WA,,-32.015272,115.7689864
10547800293,Chillax & Alimento,NSW,,-33.7329907,151.3014299
9903474708,Espresso @ T3,NSW,,-33.9324457,151.1800696
6797577945,Dimboola Cafe,VIC,,-36.4545754,142.0266554
4225036289,Ambarella's,QLD,,-28.0759072,153.4233094
8282891817,The Merchant,VIC,,-36.5518888,145.9837005
4340914964,AAFCANS Canteen,QLD,,-19.2620175,146.7672544
10558898770,Eat St Cafe,QLD,,-16.9010306,145.7425802
12088101285,Queenies Cafe,ACT,,-35.3657123,149.0943829
5984601122,Toledo Brunswick,VIC,,-37.7699499,144.9715392
9206629117,cafe monstera,NSW,,-33.8384647,151.2325965
10096957974,Sugar Salt Espresso,NSW,,-33.9717236,151.07951
12754429904,El Cabro,WA,,-31.9788063,115.7817481
5625624723,Ginger Monkey,VIC,,-38.3279533,144.315703
11893017737,The Coffee Club,QLD,,-26.7036609,153.1309945
12112062753,Mason Lane Cafe,VIC,,-37.8211219,145.1051368
12995445801,The Corner Point,NSW,,-34.4372185,150.8633999
9234003048,Tea House Cafe,VIC,,-37.8387716,145.1051074
3616959198,City Elements,QLD,,-24.8664094,152.3485485
8714561839,The Coffee Club,VIC,,-37.59344,144.9137548
7940317715,Upbeat,QLD,,-27.492769,153.0135125
2351725051,Tarra Valley Caravan Park Fernholme Cafe,VIC,,-38.470728,146.5636989
13149694813,Starbucks,WA,,-32.5357471,115.7380424
4077652566,Espresso Hit,VIC,,-37.9666689,145.055316
1076257720,Gloria Jean's,QLD,,-27.6131126,153.0540616
10235271696,Mis Birdy,NSW,,-28.4964793,153.5498769
8855623351,Walters Cafe & Cookery,NSW,,-30.4973207,151.6409509
2368044093,Miss Marmalade,VIC,,-37.7731845,144.9530524
12145208585,Fraser's Newstead,QLD,,-27.452718,153.041517
20980091,Lamrock Cafe,NSW,,-33.8923117,151.2728725
12429481314,Chatime,NSW,,-33.9372384,150.8453571
5698271141,Unnamed cafe 5698271141,NSW,,-33.910046,151.1633631
11104138609,Gong Cha,VIC,,-37.8107728,144.9641236
2059394295,Flybridge Cafe,NSW,,-33.8734401,151.2343628
8879005669,Unnamed cafe 8879005669,QLD,,-17.6727723,141.07611
8655022811,Chook Shack,WA,,-31.9956683,115.5402952
6202532538,Team Coffee,NSW,,-33.7026006,151.1107373
3085486406,Sandys Cafe,QLD,,-23.1291427,150.7479757
6751480985,Catalyst,QLD,,-27.4989493,153.0319857
4778027228,Sails on main,QLD,,-20.0132257,148.246556
1818461155,Basilica,WA,,-31.9545878,115.8543726
6193804000,Storehouse Sassafras,VIC,,-37.863743,145.3532681
2625879262,Fix - Crows Nest,NSW,,-33.823862,151.200734
2822033858,Khancoban Roadhouse,NSW,,-36.2195091,148.1239864
1346748753,Bufferingz,QLD,,-27.5095778,153.0242748
1563378347,The Terrace,VIC,,-37.8293863,144.9826001
13368946387,Black & White Espresso Bar,NSW,,-33.794704,151.1851825
2831401318,The Cool Room,WA,,-32.0492269,115.7683603
12555901590,Coffee Bean House,WA,,-31.7434721,115.7685375
13687597901,Bohemia,VIC,,-38.3819032,142.4816087
8436646031,Funkey Monkey Cafe,VIC,,-37.8782753,147.9941688
4535097334,Pitstop Cafe,VIC,,-37.8444881,144.8435787
1014043098,Lux Foundry Cafe,VIC,,-37.7641964,144.9598267
3621894309,River Cruz,QLD,,-24.8634388,152.3527633
2356598556,Jolt Cafe,QLD,,-23.3781569,150.5131215
10767859579,Fremantle Cafe,WA,,-32.0532604,115.7800087
6387164377,Zarraffas,QLD,,-28.0095326,153.3921827
4405698885,Morning After,QLD,,-27.4807821,153.0098761
439983290,BNE Baracca,QLD,,-27.5199657,153.040706
1947152202,AMELIA espresso,TAS,,-41.4350993,147.1393309
9021481033,The League of Honest Coffee,VIC,,-37.8092534,144.9684342
12895645050,Barambah Valley,QLD,,-26.1824434,152.0678996
9980995397,Cafe KuTea,QLD,,-27.4337162,153.0211876
1912320542,Dockside Café Winebar,TAS,,-41.4329241,147.1329481
11335080463,Chatime,NSW,,-33.8068864,150.9875869
9763543272,Kalahari A Taste of Africa,WA,,-32.0427258,115.8797314
4860759202,End of King,NSW,,-33.9062474,151.1810711
736465297,Muzz Buzz,WA,,-31.7418292,115.7647299
3226100281,Roberts Point Kiosk,TAS,,-43.1438296,147.2863742
4860750851,Alpha Gourmet,NSW,,-33.8630099,151.2091861
5784262454,Get Chunky,WA,,-31.9337074,115.8711011
11747531570,Little Bird,ACT,,-35.3060271,149.1353862
12234317252,Cafe Kevin,VIC,,-37.7906225,145.1421431
10203466760,Percy's Corner,QLD,,-27.9677628,153.4132741
5245251921,Grandma's,NSW,,-33.9040226,151.1943564
1351322907,Moorland Cottage Cafe,NSW,,-31.7702725,152.6492112
10879755005,Jom Makan Makan,SA,,-34.8898246,138.6549391
13088452901,Peach & Wolf Cafe & Bakery,NSW,,-30.2962903,153.1171123
6471919806,Espresso Bar,VIC,,-37.775603,144.9610844
9220095523,XS Espresso Prestons,NSW,,-33.9521801,150.8548321
11815926229,Dine with Joy,QLD,,-27.6627136,153.1719383
9682736018,Early Bird Cafe,NSW,,-36.0809811,146.9166135
726375102,GBT Cafe,WA,,-31.7428338,115.7702975
13073851501,Darby & Co.,NSW,,-30.3042321,153.1365735
1280196052,Michel Patisserie,NSW,,-34.0434185,151.1184569
6237486850,The Stables of Como Cafe,VIC,,-37.8380151,145.0031876
6115285076,Coco's Pizza Cafe,NSW,,-33.952636,151.2311585
12846336513,Starbucks,VIC,,-37.8149193,144.9660747
1510888477,The Old Paper Shop Deli,VIC,,-37.832562,144.96021
13044238066,Food&Co.,NSW,,-33.7830272,151.1250487
11927462895,Sam's East Street Bakehouse,VIC,,-37.7093179,144.9506595
10253960774,Gong Cha,NSW,,-33.7058863,150.9116059
9678537455,Dark Blue Cafe & Pastry,NSW,,-33.9227534,150.9241494
2178269514,Stream Cafe,VIC,,-37.8546233,145.1077917
4792647821,Windmill Cafe,VIC,,-36.3782099,141.2379378
9518168340,Nuovo Cafe,NSW,,-30.2839086,153.1281685
9153345729,Kaffeine 2582,NSW,,-34.8441661,148.9125618
3401293325,Fish Tales,QLD,,-26.6241804,152.8651867
12503162378,Meister,VIC,,-37.8211991,144.9499187
10935489485,CoCo Fresh Tea & Juice,VIC,,-37.8599962,144.9779107
8976839460,Cafe Phoenix,NSW,,-35.119286,147.3798724
1928273535,Village Cafe,NSW,,-33.0792193,151.4535536
9921782635,Muffin Break,QLD,,-27.5247224,153.1909059
6118666402,Blu Orange,NSW,,-34.4176727,150.9018275
13387861618,Oh Matcha,NSW,,-33.7949868,151.1862989
10605359175,White Rabbit,NSW,,-33.8778158,151.2441771
1943424633,Fitzies City Café,TAS,,-41.4380857,147.1384255
10678176276,The Fresh Connection,TAS,,-42.880569,147.3286149
12064024229,Georgies Coffee Shop,NSW,,-33.9666603,151.1362283
5716133724,Bakearoma,QLD,,-26.5714036,148.7894145
9515567993,The Cumnock General Store,NSW,,-32.9286052,148.7543936
7802359153,Cafe The Bethel,NSW,,-33.8775056,151.1853367
8814104140,Pie Face,NSW,,-33.3601385,151.3693283
5328591322,Gelato Caffe,QLD,,-26.3983492,153.0620071
638166922,Tahune Airwalk Cafe,TAS,,-43.0950077,146.729694
11998080496,Bowl & Bean,NSW,,-33.7334063,150.9447265
10196110473,Departure Bar,SA,,-34.9398679,138.5364486
11201505427,Ho Ho's Canteen,VIC,,-37.7034708,145.1038481
441172500,Puzzle Coffee,VIC,,-37.8190192,144.953659
11775262495,42nd Street Cafe,SA,,-34.8100971,138.6159376
12440447620,Pattison’s Patisserie,NSW,,-33.7701146,150.905568
598405140,No. 136 Coffee,VIC,,-37.8149205,144.9636713
2674000131,Curly Joe's drive-thru coffee,VIC,,-37.7759511,144.9789669
11035098937,Cafe 63,QLD,,-27.6127433,152.8961224
9577114823,Goomeri Cafe,QLD,,-26.1829796,152.068216
4894747301,Cioccolato Espresso,WA,,-32.0100261,115.8344017
5627872821,Cafe Brunelli,SA,,-34.9227702,138.6066712
632244687,Boardroom Cafe,QLD,,-27.4707331,153.0302162
4151493120,Parkside on Adelaide,QLD,,-25.5381749,152.7023371
8437686135,Three Phase Rehearsal Studios Cafe/Bar,VIC,,-37.7594167,144.9623566
4744138056,Alleycat Cafe,VIC,,-37.8247497,145.0811808
6938731986,Rena's Thai Kitchen,SA,,-34.9259592,138.662994
9322202365,Single Fin Coffee,NSW,,-32.4354103,152.5287926
5746205422,cafe by the beach,QLD,,-26.7902314,153.141975
12835114544,Cafe Vin,ACT,,-35.3625583,149.0816728
6110271651,Deer Park Munchies,VIC,,-37.7703676,144.7733974
8513135256,Cappuccino King,NSW,,-33.7505821,151.2249794
2493373116,Desserts by Night,VIC,,-37.7851353,144.8918314
12001954568,TJs Burgers,ACT,,-35.2093784,149.1391144
10762941633,Cafe Chidlow,WA,,-31.8620897,116.2676782
4920495236,Cafe Novar Espresso,SA,,-34.9662881,138.5363437
11073111426,Wild Bean Cafe,QLD,,-27.0641972,153.1559944
13600440723,Limestone Cafe,WA,,-31.9393666,115.7772333
10236771312,All-Time Coffee Co.,QLD,,-28.0443473,153.4345665
9107756450,Lip Cafe,VIC,,-37.7593628,145.0443093
4673855189,The Fitz,VIC,,-37.7967671,144.9786367
